PRAGMA foreign_keys=OFF;
BEGIN TRANSACTION;
CREATE TABLE IF NOT EXISTS "migrations" ("id" integer primary key autoincrement not null, "migration" varchar not null, "batch" integer not null);
INSERT INTO migrations VALUES(1,'0001_01_01_000000_create_users_table',1);
INSERT INTO migrations VALUES(2,'0001_01_01_000001_create_cache_table',1);
INSERT INTO migrations VALUES(3,'0001_01_01_000002_create_jobs_table',1);
INSERT INTO migrations VALUES(4,'2024_01_01_000010_extend_users_table',2);
INSERT INTO migrations VALUES(5,'2024_01_01_000020_create_products_table',2);
INSERT INTO migrations VALUES(6,'2024_01_01_000030_create_product_prices_table',2);
INSERT INTO migrations VALUES(7,'2024_01_01_000040_create_orders_table',2);
INSERT INTO migrations VALUES(8,'2024_01_01_000050_create_subscriptions_table',2);
INSERT INTO migrations VALUES(9,'2024_01_01_000060_create_license_keys_table',2);
INSERT INTO migrations VALUES(10,'2024_01_01_000070_create_quote_requests_table',2);
INSERT INTO migrations VALUES(11,'2024_01_01_000080_create_page_contents_table',2);
INSERT INTO migrations VALUES(12,'2024_01_01_000090_add_billing_cycles_to_product_prices',3);
INSERT INTO migrations VALUES(13,'2024_01_01_000100_create_settings_table',4);
INSERT INTO migrations VALUES(14,'2024_01_01_000110_create_pages_table',5);
INSERT INTO migrations VALUES(15,'2024_01_01_000120_create_posts_table',5);
INSERT INTO migrations VALUES(16,'2024_01_01_000130_create_forms_tables',6);
INSERT INTO migrations VALUES(17,'2024_01_01_000081_expand_page_contents_type_enum',7);
INSERT INTO migrations VALUES(18,'2024_01_01_000140_create_media_table',8);
INSERT INTO migrations VALUES(19,'2024_01_01_000011_add_role_to_users_table',9);
CREATE TABLE IF NOT EXISTS "users" ("id" integer primary key autoincrement not null, "name" varchar not null, "email" varchar not null, "email_verified_at" datetime, "password" varchar not null, "remember_token" varchar, "created_at" datetime, "updated_at" datetime, "google_id" varchar, "microsoft_id" varchar, "phone" varchar, "company" varchar, "address" text, "country" varchar, "avatar" varchar, "role" varchar not null default 'user');
INSERT INTO users VALUES(1,'Admin','admin@autoterra.net','2026-05-31 12:36:31','$2y$12$I29261ZlOA22y2ZZ0lZE7e5BIi8T4xaY4SdbgsfCTCfyD1VaZQS8S',NULL,'2026-05-31 12:36:31','2026-06-01 16:38:18',NULL,NULL,'1234567890','Admin','Address',NULL,NULL,'admin');
INSERT INTO users VALUES(2,'test test','test@mail.com',NULL,'$2y$12$dNSreCrzpvqj96GegxdRsu/l1LQkb2xdKnpWskT8/7QUWfVpmzSEu',NULL,'2026-05-31 17:35:25','2026-06-01 17:16:00',NULL,NULL,NULL,NULL,NULL,NULL,NULL,'user');
CREATE TABLE IF NOT EXISTS "password_reset_tokens" ("email" varchar not null, "token" varchar not null, "created_at" datetime, primary key ("email"));
CREATE TABLE IF NOT EXISTS "sessions" ("id" varchar not null, "user_id" integer, "ip_address" varchar, "user_agent" text, "payload" text not null, "last_activity" integer not null, primary key ("id"));
INSERT INTO sessions VALUES('8whqfoeWz9viFmvhFWAbsbpJMoBprsipJM3F5pDj',NULL,'127.0.0.1','Mozilla/5.0 (Macintosh; Intel Mac OS X 10_15_7) AppleWebKit/537.36 (KHTML, like Gecko) Chrome/148.0.0.0 Safari/537.36','eyJfdG9rZW4iOiJWODJCNmp0c3NyOUVsZFRheUJ1VzNBTFc4aXM0YkQ1bDNpbnNiT1E5IiwiX2ZsYXNoIjp7Im9sZCI6W10sIm5ldyI6W119LCJfcHJldmlvdXMiOnsidXJsIjoiaHR0cDpcL1wvMTI3LjAuMC4xOjgwMDBcL2FwaVwvcHJpY2luZz9jdXJyZW5jeT1JTlIiLCJyb3V0ZSI6ImFwaS5wcmljaW5nIn19',1780402199);
INSERT INTO sessions VALUES('BXPtrR3jV3I1X3QJ8rAKdXu7QiaFjUT4cgFyKjbH',1,'127.0.0.1','Mozilla/5.0 (Macintosh; Intel Mac OS X 10_15_7) AppleWebKit/537.36 (KHTML, like Gecko) Chrome/148.0.0.0 Safari/537.36','eyJfdG9rZW4iOiJSaTdkUmMzQ1BJOVVLdzRrWjBnR2tFM0xwQ0R6SVpXSTBIUW9iSXVOIiwiX3ByZXZpb3VzIjp7InVybCI6Imh0dHA6XC9cLzEyNy4wLjAuMTo4MDAwXC9hcGlcL3ByaWNpbmc/Y3VycmVuY3k9SU5SIiwicm91dGUiOiJhcGkucHJpY2luZyJ9LCJfZmxhc2giOnsib2xkIjpbXSwibmV3IjpbXX0sInN0YXRlIjoiUnFsanVIbVVKMjVwUFk3Q3ZObEhZN3BNQ2Z3QTBMcmFkd1Nha1k0cyIsImxvZ2luX3dlYl81OWJhMzZhZGRjMmIyZjk0MDE1ODBmMDE0YzdmNThlYTRlMzA5ODlkIjoxfQ==',1780402347);
CREATE TABLE IF NOT EXISTS "cache" ("key" varchar not null, "value" text not null, "expiration" integer not null, primary key ("key"));
INSERT INTO cache VALUES('autoterra-cache-page_content.about.hero.eyebrow','s:28:"About Infyterra Technologies";',1780300460);
INSERT INTO cache VALUES('autoterra-cache-page_content.about.hero.heading','s:41:"25+ years building software for engineers";',1780300460);
INSERT INTO cache VALUES('autoterra-cache-page_content.about.hero.description','s:253:"AutoTerra is developed by Infyterra Technologies — the engineering software division behind Infycons. Since 1998 we''ve been building tools that help surveyors, road engineers, and geospatial professionals work faster and deliver more accurate results.";',1780300460);
INSERT INTO cache VALUES('autoterra-cache-page_content.about.story.eyebrow','s:9:"Our story";',1780300460);
INSERT INTO cache VALUES('autoterra-cache-page_content.about.story.heading','s:50:"Engineering software built by engineers who use it";',1780300460);
INSERT INTO cache VALUES('autoterra-cache-page_content.about.story.paragraphs','a:3:{i:0;s:280:"Infyterra Technologies was founded by engineers who had experienced the pain of slow, expensive, and inflexible spatial software first-hand. We set out to build tools that respect the way surveyors and engineers actually work — not the way software architects think they should.";i:1;s:319:"Today AutoTerra is deployed by survey firms, road agencies, mapping bureaux, mining companies, and national mapping organisations across 20+ countries. Our clients range from solo practitioners to teams of 200+ seats, and our software processes everything from small site surveys to billion-point aerial LiDAR datasets.";i:2;s:130:"We remain headquartered in Bangalore, India, with regional support offices and certified partners across the geographies we serve.";}',1780300460);
INSERT INTO cache VALUES('autoterra-cache-page_content.about.stats','a:4:{i:0;a:2:{s:6:"number";s:3:"25+";s:5:"label";s:29:"years of engineering software";}i:1;a:2:{s:6:"number";s:3:"20+";s:5:"label";s:18:"countries deployed";}i:2;a:2:{s:6:"number";s:6:"1,000+";s:5:"label";s:26:"engineering firms trust us";}i:3;a:2:{s:6:"number";s:1:"7";s:5:"label";s:16:"product editions";}}',1780300460);
INSERT INTO cache VALUES('autoterra-cache-page_content.about.cta.heading','s:33:"Ready to see AutoTerra in action?";',1780300460);
INSERT INTO cache VALUES('autoterra-cache-page_content.about.cta.description','s:86:"Talk to our team about your workflow and we''ll show you exactly how AutoTerra fits in.";',1780300460);
INSERT INTO cache VALUES('autoterra-cache-page_content.about.cta.button_primary_text','s:14:"Request a demo";',1780300460);
INSERT INTO cache VALUES('autoterra-cache-page_content.about.cta.button_secondary_text','s:16:"Explore products";',1780300460);
INSERT INTO cache VALUES('autoterra-cache-page_content.pricing.hero.eyebrow','s:7:"Pricing";',1780301789);
INSERT INTO cache VALUES('autoterra-cache-page_content.pricing.hero.heading','s:43:"The right edition for every team and budget";',1780301789);
INSERT INTO cache VALUES('autoterra-cache-page_content.pricing.hero.description','s:170:"AutoTerra is priced to make professional-grade LiDAR and survey tools accessible — whether you''re a solo surveyor, a mid-size consultancy, or a national mapping agency.";',1780301789);
INSERT INTO cache VALUES('autoterra-cache-page_content.pricing.hero.region_note','s:143:"Pricing varies by country and region. Contact us for a quote tailored to your location and team size — we''ll respond within one business day.";',1780301789);
INSERT INTO cache VALUES('autoterra-cache-page_content.pricing.faq','a:6:{i:0;a:2:{s:8:"question";s:24:"Why aren''t prices shown?";s:6:"answer";s:262:"AutoTerra is sold in 20+ countries with purchasing power parity applied — the same edition genuinely costs different amounts in different markets. Showing a single price would be misleading. Contact us and we''ll quote your exact region within one business day.";}i:1;a:2:{s:8:"question";s:38:"What''s included in annual maintenance?";s:6:"answer";s:163:"All new feature releases, version upgrades, and priority support are included in the annual maintenance plan. You never pay for a major version upgrade separately.";}i:2;a:2:{s:8:"question";s:26:"What''s a floating license?";s:6:"answer";s:188:"A floating (network) license lets any machine on your network activate the software up to the licensed seat count simultaneously. Ideal for teams where not everyone works at the same time.";}i:3;a:2:{s:8:"question";s:22:"Is there a free trial?";s:6:"answer";s:125:"Yes. We offer a fully featured 30-day trial of AutoTerra Pro Spatial — no credit card required. Apply via the Contact page.";}i:4;a:2:{s:8:"question";s:30:"Do you offer academic pricing?";s:6:"answer";s:140:"Yes. Universities, research institutions, and accredited training organisations are eligible for significantly discounted academic licenses.";}i:5;a:2:{s:8:"question";s:31:"Can I upgrade my edition later?";s:6:"answer";s:165:"Absolutely. You can upgrade to a higher edition at any time — you pay only the difference in license value, and your project files and settings migrate seamlessly.";}}',1780301789);
INSERT INTO cache VALUES('autoterra-cache-page_content.pricing.enterprise.heading','s:32:"Large team or government agency?";',1780301789);
INSERT INTO cache VALUES('autoterra-cache-page_content.pricing.enterprise.description','s:158:"We offer volume discounts, site licenses, and dedicated account management for teams of 10+ seats, government departments, and national mapping organisations.";',1780301789);
INSERT INTO cache VALUES('autoterra-cache-page_content.pricing.enterprise.button_primary_text','s:27:"Talk to our enterprise team";',1780301789);
INSERT INTO cache VALUES('autoterra-cache-page_content.pricing.enterprise.button_secondary_text','s:20:"Compare all features";',1780301789);
INSERT INTO cache VALUES('autoterra-cache-page_content.blog.hero.eyebrow','s:4:"Blog";',1780304686);
INSERT INTO cache VALUES('autoterra-cache-page_content.blog.hero.heading','s:32:"Insights from the AutoTerra team";',1780304686);
INSERT INTO cache VALUES('autoterra-cache-page_content.blog.hero.description','s:90:"Technical articles, case studies, and product updates from the engineers behind AutoTerra.";',1780304686);
INSERT INTO cache VALUES('autoterra-cache-page_content.home.feature1.screenshot','s:67:"http://localhost:8000/storage/media/01KT0Z1GEB4AB6WRY8FHW79BH3.jpeg";',1780312740);
INSERT INTO cache VALUES('autoterra-cache-page_content.quote.hero.badge_text','s:15:"Request a Quote";',1780335635);
INSERT INTO cache VALUES('autoterra-cache-page_content.quote.hero.heading','s:54:"Pricing tailored to <br><span>your organisation</span>";',1780335635);
INSERT INTO cache VALUES('autoterra-cache-page_content.quote.hero.description','s:170:"Tell us about your requirements — product, team size, and preferred licence model — and our sales team will prepare a detailed quote, usually within one business day.";',1780335635);
INSERT INTO cache VALUES('autoterra-cache-page_content.quote.hero.trust_items','a:4:{i:0;s:22:"No commitment required";i:1;s:24:"Response within 24 hours";i:2;s:25:"Dedicated account support";i:3;s:39:"Volume & multi-year discounts available";}',1780335635);
INSERT INTO cache VALUES('autoterra-cache-livewire-rate-limiter:16d36dff9abd246c67dfac3e63b993a169af77e6:timer','i:1780382924;',1780382924);
INSERT INTO cache VALUES('autoterra-cache-livewire-rate-limiter:16d36dff9abd246c67dfac3e63b993a169af77e6','i:1;',1780382924);
INSERT INTO cache VALUES('autoterra-cache-356a192b7913b04c54574d18c28d46e6395428ab:timer','i:1780392621;',1780392621);
INSERT INTO cache VALUES('autoterra-cache-356a192b7913b04c54574d18c28d46e6395428ab','i:1;',1780392621);
INSERT INTO cache VALUES('autoterra-cache-setting.site_name','s:9:"AutoTerra";',1780402922);
INSERT INTO cache VALUES('autoterra-cache-setting.site_email','s:21:"support@autoterra.net";',1780402922);
INSERT INTO cache VALUES('autoterra-cache-setting.company_address','s:88:"F-2104, 1st Floor, Tower B, Ardent Office One, Hoodi, Bangalore 560048, Karnataka, India";',1780402922);
INSERT INTO cache VALUES('autoterra-cache-setting.user_can_print','b:0;',1780402922);
INSERT INTO cache VALUES('autoterra-cache-setting.media_allowed_types','s:339:"image/jpeg,image/png,image/gif,image/webp,image/svg+xml,image/avif,video/mp4,video/webm,application/pdf,application/msword,application/vnd.openxmlformats-officedocument.wordprocessingml.document,application/vnd.ms-excel,application/vnd.openxmlformats-officedocument.spreadsheetml.sheet,text/csv,application/zip,application/x-zip-compressed";',1780402922);
INSERT INTO cache VALUES('autoterra-cache-setting.media_max_size','s:2:"50";',1780402922);
INSERT INTO cache VALUES('autoterra-cache-setting.header_logo_a','s:4:"AUTO";',1780404509);
INSERT INTO cache VALUES('autoterra-cache-setting.header_logo_t','s:5:"TERRA";',1780404509);
INSERT INTO cache VALUES('autoterra-cache-setting.header_logo_image','s:0:"";',1780404509);
INSERT INTO cache VALUES('autoterra-cache-setting.header_nav_links','s:390:"{"1477f9f9-581d-4c91-8e59-ed3dfd5bbf3d":{"label":"Products","url":"\/products"},"28e103c7-a100-4159-bbcb-e360d38b1bb2":{"label":"Solutions","url":"\/solutions"},"7c722958-d5e7-4d5f-89ab-9ce0b55410f6":{"label":"Resources","url":"\/resources"},"ed9b62b2-59d1-451f-a710-86b29dc454bc":{"label":"Pricing","url":"\/pricing"},"a07aa846-25be-4efb-a4bd-2159e4af14a6":{"label":"Blog","url":"\/blog"}}";',1780404509);
INSERT INTO cache VALUES('autoterra-cache-setting.header_login_text','s:5:"Login";',1780404509);
INSERT INTO cache VALUES('autoterra-cache-setting.header_cta_text','s:7:"Buy Now";',1780404509);
INSERT INTO cache VALUES('autoterra-cache-setting.header_cta_url','s:4:"/buy";',1780404509);
INSERT INTO cache VALUES('autoterra-cache-setting.footer_logo_a','s:4:"AUTO";',1780404509);
INSERT INTO cache VALUES('autoterra-cache-setting.footer_logo_t','s:5:"TERRA";',1780404509);
INSERT INTO cache VALUES('autoterra-cache-setting.footer_logo_image','s:0:"";',1780404509);
INSERT INTO cache VALUES('autoterra-cache-setting.footer_description','s:114:"Full lifecycle geospatial software for survey, design, construction, maintenance and monitoring of infrastructure.";',1780404509);
INSERT INTO cache VALUES('autoterra-cache-setting.footer_links','s:491:"{"bc112a1f-fdd9-424c-a75f-cccd9f048ac7":{"label":"Products","url":"\/products"},"e745f4a6-b57b-40ef-aa06-c790c8ba3221":{"label":"Pricing","url":"\/pricing"},"c2dff8e3-f28e-45eb-a927-58f4c6083e34":{"label":"Blog","url":"\/blog"},"d0e80b85-65d2-49c2-b85e-46dc013f9bd0":{"label":"Contact","url":"\/contact"},"cff7588f-5e45-4100-9a20-fd242922c665":{"label":"Privacy Policy","url":"\/privacy-policy"},"e25a25bb-42f4-475f-845b-ec8fbaa30fac":{"label":"Terms of Service","url":"\/terms-of-service"}}";',1780404509);
INSERT INTO cache VALUES('autoterra-cache-setting.footer_copyright','s:40:"© 2026 AutoTerra. All rights reserved..";',1780404509);
INSERT INTO cache VALUES('autoterra-cache-setting.custom_header_css',unistr('s:387:".feat-list {\u000a    display: flex;\u000a    flex-direction: column;\u000a    gap: 20px;\u000a}\u000a.feat-item {\u000a    display: flex;\u000a    gap: 16px;\u000a    align-items: flex-start;\u000a}\u000a.feat-icon {\u000a    width: 40px;\u000a    height: 40px;\u000a    border-radius: 10px;\u000a    display: flex;\u000a    align-items: center;\u000a    justify-content: center;\u000a    flex-shrink: 0;\u000a}\u000a.feat-icon.blue {\u000a    background: #E0F4FF;\u000a    color: #0860B0;\u000a}";'),1780404509);
INSERT INTO cache VALUES('autoterra-cache-setting.custom_header_js','s:0:"";',1780404509);
INSERT INTO cache VALUES('autoterra-cache-setting.custom_footer_js','s:0:"";',1780404509);
INSERT INTO cache VALUES('autoterra-cache-page_content.global.footer.resources','a:3:{i:0;a:2:{s:8:"url_text";s:13:"Documentation";s:8:"url_link";s:1:"#";}i:1;a:2:{s:8:"url_text";s:15:"Video tutorials";s:8:"url_link";s:1:"#";}i:2;a:2:{s:8:"url_text";s:8:"Webinars";s:8:"url_link";s:1:"#";}}',1780404644);
INSERT INTO cache VALUES('autoterra-cache-page_content.global.footer.company','a:3:{i:0;a:2:{s:8:"url_text";s:15:"About Infyterra";s:8:"url_link";s:1:"#";}i:1;a:2:{s:8:"url_text";s:10:"Contact us";s:8:"url_link";s:1:"#";}i:2;a:2:{s:8:"url_text";s:7:"Pricing";s:8:"url_link";s:1:"#";}}',1780404644);
INSERT INTO cache VALUES('autoterra-cache-page_content.global.footer.legal','a:4:{i:0;a:2:{s:8:"url_text";s:14:"Privacy Policy";s:8:"url_link";s:1:"#";}i:1;a:2:{s:8:"url_text";s:12:"Terms of Use";s:8:"url_link";s:1:"#";}i:2;a:2:{s:8:"url_text";s:4:"EULA";s:8:"url_link";s:1:"#";}i:3;a:2:{s:8:"url_text";s:13:"Cookie Policy";s:8:"url_link";s:1:"#";}}',1780405266);
INSERT INTO cache VALUES('autoterra-cache-page_content.products.hero.eyebrow','s:14:"Product family";',1780405575);
INSERT INTO cache VALUES('autoterra-cache-page_content.products.hero.heading','s:26:"One platform. Every scale.";',1780405575);
INSERT INTO cache VALUES('autoterra-cache-page_content.products.hero.description','s:147:"From individual site surveys to billion-point aerial LiDAR datasets and full highway corridor projects. Choose the edition that fits your workflow.";',1780405575);
INSERT INTO cache VALUES('autoterra-cache-page_content.products.tracks.eyebrow','s:10:"Two tracks";',1780405575);
INSERT INTO cache VALUES('autoterra-cache-page_content.products.tracks.heading','s:18:"Find your workflow";',1780405575);
INSERT INTO cache VALUES('autoterra-cache-page_content.products.tracks.description','s:149:"AutoTerra is organised into two product tracks — choose based on your primary discipline. Both tracks share the same CAD engine and project format.";',1780405575);
INSERT INTO cache VALUES('autoterra-cache-page_content.products.cta.heading','s:33:"Ready to see AutoTerra in action?";',1780405575);
INSERT INTO cache VALUES('autoterra-cache-page_content.products.cta.description','s:73:"Request a 30-day trial of Pro Spatial — full platform, no restrictions.";',1780405575);
INSERT INTO cache VALUES('autoterra-cache-page_content.products.cta.button_primary_text','s:7:"Buy Now";',1780405575);
INSERT INTO cache VALUES('autoterra-cache-page_content.products.cta.button_secondary_text','s:13:"Talk to sales";',1780405575);
INSERT INTO cache VALUES('autoterra-cache-page_content.home.hero.pill_text','s:31:"Geospatial engineering platform";',1780405739);
INSERT INTO cache VALUES('autoterra-cache-page_content.home.hero.heading','s:33:"Survey. Model. <em>Deliver.</em>.";',1780405739);
INSERT INTO cache VALUES('autoterra-cache-page_content.home.hero.subheading','s:156:"A complete desktop platform for field engineers and GIS professionals — from point cloud processing to contour generation, CAD drafting to highway design.";',1780405739);
INSERT INTO cache VALUES('autoterra-cache-page_content.home.hero.button_primary_text','s:22:"Explore product family";',1780405739);
INSERT INTO cache VALUES('autoterra-cache-page_content.home.hero.button_secondary_text','s:20:"Watch 2-min overview";',1780405739);
INSERT INTO cache VALUES('autoterra-cache-page_content.home.stats','a:4:{i:0;a:2:{s:6:"number";s:3:"25+";s:5:"label";s:29:"Years of engineering software";}i:1;a:2:{s:6:"number";s:3:"20+";s:5:"label";s:19:"Countries worldwide";}i:2;a:2:{s:6:"number";s:3:"50+";s:5:"label";s:22:"File formats supported";}i:3;a:2:{s:6:"number";s:3:"10+";s:5:"label";s:18:"Integrated modules";}}',1780405739);
INSERT INTO cache VALUES('autoterra-cache-page_content.home.feature1.eyebrow','s:21:"Platform capabilities";',1780405739);
INSERT INTO cache VALUES('autoterra-cache-page_content.home.feature1.heading','s:56:"One licence. One interface. <br>Zero software-switching.";',1780405739);
INSERT INTO cache VALUES('autoterra-cache-page_content.home.feature1.description','s:166:"From classifying a billion-point cloud to generating finished CAD plans and engineering reports — inside a single session, without exporting to another application.";',1780405739);
INSERT INTO cache VALUES('autoterra-cache-page_content.home.feature1.features','a:3:{i:0;a:3:{s:4:"icon";s:17:"ti-3d-cube-sphere";s:5:"title";s:28:"LiDAR point cloud processing";s:11:"description";s:117:"GPU-accelerated classification, object detection, vegetation analysis — interactive in full 3D at any dataset size.";}i:1;a:3:{s:4:"icon";s:11:"ti-mountain";s:5:"title";s:27:"Surface & terrain modelling";s:11:"description";s:113:"TIN surfaces, contours, slope analysis, volumes and cross-sections — from raw survey or classified point cloud.";}i:2;a:3:{s:4:"icon";s:18:"ti-vector-triangle";s:5:"title";s:26:"GIS-native CAD environment";s:11:"description";s:109:"Full CAD drafting with live GIS layers, online maps and survey data coexisting in the same project workspace.";}}',1780405739);
INSERT INTO cache VALUES('autoterra-cache-page_content.home.feature1.link_url','s:1:"#";',1780405739);
INSERT INTO cache VALUES('autoterra-cache-page_content.home.feature1.link_text','s:19:"Explore all modules";',1780405739);
INSERT INTO cache VALUES('autoterra-cache-page_content.home.feature1.image_url','s:67:"http://localhost:8000/storage/media/01KT0Z1GEB4AB6WRY8FHW79BH3.jpeg";',1780405739);
INSERT INTO cache VALUES('autoterra-cache-page_content.home.feature2.image_url','s:67:"http://localhost:8000/storage/media/01KT0Z1GEB4AB6WRY8FHW79BH3.jpeg";',1780405739);
INSERT INTO cache VALUES('autoterra-cache-page_content.home.feature2.eyebrow','s:21:"Survey to deliverable";',1780405739);
INSERT INTO cache VALUES('autoterra-cache-page_content.home.feature2.heading','s:60:"Field data to finished drawing — without leaving AutoTerra";',1780405739);
INSERT INTO cache VALUES('autoterra-cache-page_content.home.feature2.description','s:167:"Import from total station, DGPS or legacy instruments. AutoTerra''s code library converts field observations into production-ready CAD drawings automatically at import.";',1780405739);
INSERT INTO cache VALUES('autoterra-cache-page_content.home.feature2.checklist','a:5:{i:0;s:36:"Field-to-finish code-driven drafting";i:1;s:27:"Traverse computation & COGO";i:2;s:31:"50+ instrument and file formats";i:3;s:36:"Section, volume & corridor workflows";i:4;s:35:"Traditional & modern survey support";}',1780405739);
INSERT INTO cache VALUES('autoterra-cache-page_content.home.slider.howitworks.checkeye','s:9:"In action";',1780405739);
INSERT INTO cache VALUES('autoterra-cache-page_content.home.slider.howitworks.heading','s:21:"See AutoTerra at work";',1780405739);
INSERT INTO cache VALUES('autoterra-cache-page_content.home.slider.howitworks.summary','s:32:"Tap through the platform modules";',1780405739);
INSERT INTO cache VALUES('autoterra-cache-page_content.home.slider.howitworks','a:4:{i:0;a:3:{s:3:"url";s:67:"http://localhost:8000/storage/media/01KT0Z1GEB4AB6WRY8FHW79BH3.jpeg";s:5:"title";s:26:"Point cloud classification";s:11:"description";s:0:"";}i:1;a:3:{s:3:"url";s:67:"http://localhost:8000/storage/media/01KT0Z1GEB4AB6WRY8FHW79BH3.jpeg";s:5:"title";s:18:"Terrain & contours";s:11:"description";s:0:"";}i:2;a:3:{s:3:"url";s:67:"http://localhost:8000/storage/media/01KT0Z1GEB4AB6WRY8FHW79BH3.jpeg";s:5:"title";s:18:"CAD & GIS drafting";s:11:"description";s:0:"";}i:3;a:3:{s:3:"url";s:67:"http://localhost:8000/storage/media/01KT0Z1GEB4AB6WRY8FHW79BH3.jpeg";s:5:"title";s:23:"Section & volume report";s:11:"description";s:0:"";}}',1780405739);
INSERT INTO cache VALUES('autoterra-cache-page_content.home.products.eyebrow','s:14:"Product family";',1780405739);
INSERT INTO cache VALUES('autoterra-cache-page_content.home.products.heading','s:24:"One family. Every scale.";',1780405739);
INSERT INTO cache VALUES('autoterra-cache-page_content.home.products.description','s:94:"From individual site surveys to billion-point aerial LiDAR and full highway corridor projects.";',1780405739);
INSERT INTO cache VALUES('autoterra-cache-page_content.home.products.items','a:8:{i:0;a:8:{s:5:"label";s:22:"Survey / CAD / Terrain";s:11:"label_color";s:0:"";s:11:"badge_class";s:0:"";s:5:"badge";s:6:"Viewer";s:5:"title";s:16:"AutoTerra Viewer";s:7:"summary";s:24:"View, annotate and share";s:9:"link_text";s:10:"learn more";s:8:"link_url";s:1:"#";}i:1;a:8:{s:5:"label";s:22:"Survey / CAD / Terrain";s:11:"label_color";s:0:"";s:11:"badge_class";s:0:"";s:5:"badge";s:5:"Entry";s:5:"title";s:12:"AutoTerra LT";s:7:"summary";s:25:"Survey + full CAD toolkit";s:9:"link_text";s:10:"learn more";s:8:"link_url";s:1:"#";}i:2;a:8:{s:5:"label";s:22:"Survey / CAD / Terrain";s:11:"label_color";s:0:"";s:11:"badge_class";s:0:"";s:5:"badge";s:8:"Standard";s:5:"title";s:9:"AutoTerra";s:7:"summary";s:22:"3D surfaces & contours";s:9:"link_text";s:10:"learn more";s:8:"link_url";s:1:"#";}i:3;a:8:{s:5:"label";s:22:"Survey / CAD / Terrain";s:11:"label_color";s:0:"";s:11:"badge_class";s:0:"";s:5:"badge";s:3:"Pro";s:5:"title";s:13:"AutoTerra Pro";s:7:"summary";s:28:"Volumes, sections & corridor";s:9:"link_text";s:10:"learn more";s:8:"link_url";s:1:"#";}i:4;a:8:{s:5:"label";s:19:"LiDAR / Point Cloud";s:11:"label_color";s:6:"0B6A48";s:11:"badge_class";s:8:"pb-lidar";s:5:"badge";s:7:"Spatial";s:5:"title";s:17:"AutoTerra Spatial";s:7:"summary";s:27:"Standard + LiDAR processing";s:9:"link_text";s:10:"learn more";s:8:"link_url";s:1:"#";}i:5;a:8:{s:5:"label";s:19:"LiDAR / Point Cloud";s:11:"label_color";s:6:"0B6A48";s:11:"badge_class";s:6:"pb-hot";s:5:"badge";s:12:"Most popular";s:5:"title";s:21:"AutoTerra Pro Spatial";s:7:"summary";s:31:"Advanced LiDAR & full detection";s:9:"link_text";s:10:"learn more";s:8:"link_url";s:1:"#";}i:6;a:8:{s:5:"label";s:14:"Highway Design";s:11:"label_color";s:6:"9A5F10";s:11:"badge_class";s:7:"pb-soon";s:5:"badge";s:11:"Coming soon";s:5:"title";s:9:"AutoRoads";s:7:"summary";s:23:"Next-gen highway design";s:9:"link_text";s:13:"Join waitlist";s:8:"link_url";s:1:"#";}i:7;a:8:{s:5:"label";s:0:"";s:11:"label_color";s:6:"5A7A96";s:11:"badge_class";s:0:"";s:5:"badge";s:0:"";s:5:"title";s:20:"Compare all editions";s:7:"summary";s:0:"";s:9:"link_text";s:21:"View comparison table";s:8:"link_url";s:1:"#";}}',1780405739);
INSERT INTO cache VALUES('autoterra-cache-page_content.home.testimonial.subhead','s:14:"Client stories";',1780405739);
INSERT INTO cache VALUES('autoterra-cache-page_content.home.testimonial.heading','s:41:"Trusted by infrastructure teams worldwide";',1780405739);
INSERT INTO cache VALUES('autoterra-cache-page_content.home.testimonial.clients_logo','a:6:{i:0;s:66:"http://localhost:8000/storage/media/01KT3TPSG5WMH6T60CKXVRKREG.png";i:1;s:66:"http://localhost:8000/storage/media/01KT3TPSG5WMH6T60CKXVRKREG.png";i:2;s:66:"http://localhost:8000/storage/media/01KT3TPSG5WMH6T60CKXVRKREG.png";i:3;s:66:"http://localhost:8000/storage/media/01KT3TPSG5WMH6T60CKXVRKREG.png";i:4;s:66:"http://localhost:8000/storage/media/01KT3TPSG5WMH6T60CKXVRKREG.png";i:5;s:66:"http://localhost:8000/storage/media/01KT3TPSG5WMH6T60CKXVRKREG.png";}',1780405739);
INSERT INTO cache VALUES('autoterra-cache-page_content.home.testimonials','a:4:{i:0;a:4:{s:5:"quote";s:165:"AutoTerra has become an integral part of every infrastructure project we handle. One platform replacing five separate tools — the productivity gain is significant.";s:11:"author_name";s:16:"Project Director";s:10:"author_org";s:36:"Infrastructure Consultancy — India";s:10:"author_img";s:66:"http://localhost:8000/storage/media/01KT3TPSG5WMH6T60CKXVRKREG.png";}i:1;a:4:{s:5:"quote";s:162:"Point cloud classification accuracy is competitive with specialist platforms costing three times as much. Pro Spatial is exceptional value for serious LiDAR work.";s:11:"author_name";s:21:"LiDAR Processing Lead";s:10:"author_org";s:33:"Geospatial Survey Company — UAE";s:10:"author_img";s:66:"http://localhost:8000/storage/media/01KT3TPSG5WMH6T60CKXVRKREG.png";}i:2;a:4:{s:5:"quote";s:162:"Point cloud classification accuracy is competitive with specialist platforms costing three times as much. Pro Spatial is exceptional value for serious LiDAR work.";s:11:"author_name";s:21:"LiDAR Processing Lead";s:10:"author_org";s:33:"Geospatial Survey Company — UAE";s:10:"author_img";s:66:"http://localhost:8000/storage/media/01KT3TPSG5WMH6T60CKXVRKREG.png";}i:3;a:4:{s:5:"quote";s:162:"Point cloud classification accuracy is competitive with specialist platforms costing three times as much. Pro Spatial is exceptional value for serious LiDAR work.";s:11:"author_name";s:21:"LiDAR Processing Lead";s:10:"author_org";s:33:"Geospatial Survey Company — UAE";s:10:"author_img";s:66:"http://localhost:8000/storage/media/01KT3TPSG5WMH6T60CKXVRKREG.png";}}',1780405739);
INSERT INTO cache VALUES('autoterra-cache-page_content.home.cta.heading','s:36:"Ready to see AutoTerra on your data?";',1780405739);
INSERT INTO cache VALUES('autoterra-cache-page_content.home.cta.description','s:110:"Request a 30-minute demo with a product specialist — using your own data if you want. No generic slideshows.";',1780405739);
INSERT INTO cache VALUES('autoterra-cache-page_content.home.cta.button_primary_text','s:7:"Buy Now";',1780405739);
INSERT INTO cache VALUES('autoterra-cache-page_content.home.cta.button_secondary_text','s:18:"Download datasheet";',1780405739);
INSERT INTO cache VALUES('autoterra-cache-page_content.login.tagline','s:35:"Your spatial data, fully in control";',1780405878);
INSERT INTO cache VALUES('autoterra-cache-page_content.login.tagline_sub','s:95:"Sign in to access your projects, licences, downloads, and support tickets — all in one place.";',1780405878);
INSERT INTO cache VALUES('autoterra-cache-page_content.login.features','a:5:{i:0;s:36:"Download the latest software release";i:1;s:40:"Manage floating and node-locked licences";i:2;s:41:"Access project files and saved workspaces";i:3;s:32:"Raise and track support requests";i:4;s:38:"Full documentation and video tutorials";}',1780405878);
INSERT INTO cache VALUES('autoterra-cache-page_content.signup.tagline','s:34:"Start your free 30-day trial today";',1780405897);
INSERT INTO cache VALUES('autoterra-cache-page_content.signup.tagline_sub','s:93:"No credit card required. Full access to AutoTerra Standard features to evaluate the platform.";',1780405897);
INSERT INTO cache VALUES('autoterra-cache-page_content.signup.perks','a:5:{i:0;s:73:"Full Standard-tier access for 30 days — no limitations on project count";i:1;s:59:"Access to all documentation, tutorials, and sample datasets";i:2;s:51:"No credit card or payment details required to start";i:3;s:46:"Onboarding call with our support team included";i:4;s:65:"Convert to a paid subscription at any time — keep all your work";}',1780405897);
CREATE TABLE IF NOT EXISTS "cache_locks" ("key" varchar not null, "owner" varchar not null, "expiration" integer not null, primary key ("key"));
CREATE TABLE IF NOT EXISTS "jobs" ("id" integer primary key autoincrement not null, "queue" varchar not null, "payload" text not null, "attempts" integer not null, "reserved_at" integer, "available_at" integer not null, "created_at" integer not null);
CREATE TABLE IF NOT EXISTS "job_batches" ("id" varchar not null, "name" varchar not null, "total_jobs" integer not null, "pending_jobs" integer not null, "failed_jobs" integer not null, "failed_job_ids" text not null, "options" text, "cancelled_at" integer, "created_at" integer not null, "finished_at" integer, primary key ("id"));
CREATE TABLE IF NOT EXISTS "failed_jobs" ("id" integer primary key autoincrement not null, "uuid" varchar not null, "connection" varchar not null, "queue" varchar not null, "payload" text not null, "exception" text not null, "failed_at" datetime not null default CURRENT_TIMESTAMP);
CREATE TABLE IF NOT EXISTS "products" ("id" integer primary key autoincrement not null, "slug" varchar not null, "name" varchar not null, "description" text, "tier" varchar check ("tier" in ('basic', 'pro', 'advanced')) not null default 'basic', "is_active" tinyint(1) not null default '1', "sort_order" integer not null default '0', "created_at" datetime, "updated_at" datetime);
INSERT INTO products VALUES(1,'view','AutoTerra View','View and share point cloud & survey files — no processing tools','basic',1,1,'2026-05-31 12:36:31','2026-05-31 12:36:31');
INSERT INTO products VALUES(2,'lt','AutoTerra LT','Essential survey tools for individual practitioners','basic',1,2,'2026-05-31 12:36:31','2026-05-31 12:36:31');
INSERT INTO products VALUES(3,'std','AutoTerra Standard','Complete survey, CAD & terrain for professional teams','pro',1,3,'2026-05-31 12:36:31','2026-05-31 12:36:31');
INSERT INTO products VALUES(4,'spatial','AutoTerra Spatial','Standard + LiDAR point cloud processing','pro',1,4,'2026-05-31 12:36:31','2026-05-31 12:36:31');
INSERT INTO products VALUES(5,'pro','AutoTerra Pro','Advanced terrain, DTM, cross-sections & engineering analysis','advanced',1,5,'2026-05-31 12:36:31','2026-05-31 12:36:31');
INSERT INTO products VALUES(6,'prospatial','AutoTerra Pro Spatial','Complete platform — survey + LiDAR + terrain + roads','advanced',1,6,'2026-05-31 12:36:31','2026-05-31 12:36:31');
INSERT INTO products VALUES(8,'test-subs','Test Subscription',NULL,'basic',1,0,'2026-05-31 18:41:27','2026-05-31 18:41:27');
CREATE TABLE IF NOT EXISTS "product_prices" ("id" integer primary key autoincrement not null, "product_id" integer not null, "term" varchar not null, "price_inr" integer, "price_usd" integer, "is_active" tinyint(1) not null default '1', "created_at" datetime, "updated_at" datetime, "billing_cycles" integer, foreign key("product_id") references "products"("id") on delete cascade);
INSERT INTO product_prices VALUES(1,1,'1yr',4000,59,1,'2026-05-31 12:36:31','2026-05-31 18:25:14',NULL);
INSERT INTO product_prices VALUES(2,1,'3yr',8000,118,1,'2026-05-31 12:36:31','2026-05-31 18:25:14',NULL);
INSERT INTO product_prices VALUES(3,1,'5yr',12500,185,1,'2026-05-31 12:36:31','2026-05-31 18:25:14',NULL);
INSERT INTO product_prices VALUES(4,2,'1yr',9500,139,1,'2026-05-31 12:36:31','2026-05-31 18:25:14',NULL);
INSERT INTO product_prices VALUES(5,2,'3yr',20000,294,1,'2026-05-31 12:36:31','2026-05-31 18:25:14',NULL);
INSERT INTO product_prices VALUES(6,2,'5yr',30000,441,1,'2026-05-31 12:36:31','2026-05-31 18:25:14',NULL);
INSERT INTO product_prices VALUES(7,3,'3mo',6000,88,1,'2026-05-31 12:36:31','2026-05-31 18:25:14',NULL);
INSERT INTO product_prices VALUES(8,3,'6mo',9500,139,1,'2026-05-31 12:36:31','2026-05-31 18:25:14',NULL);
INSERT INTO product_prices VALUES(9,3,'1yr',15000,220,1,'2026-05-31 12:36:31','2026-05-31 18:25:14',NULL);
INSERT INTO product_prices VALUES(10,3,'3yr',33000,485,1,'2026-05-31 12:36:31','2026-05-31 18:25:14',NULL);
INSERT INTO product_prices VALUES(11,3,'5yr',47000,691,1,'2026-05-31 12:36:31','2026-05-31 18:25:14',NULL);
INSERT INTO product_prices VALUES(12,4,'3mo',9000,132,1,'2026-05-31 12:36:31','2026-05-31 18:25:14',NULL);
INSERT INTO product_prices VALUES(13,4,'6mo',14000,206,1,'2026-05-31 12:36:31','2026-05-31 18:25:14',NULL);
INSERT INTO product_prices VALUES(14,4,'1yr',23000,338,1,'2026-05-31 12:36:31','2026-05-31 18:25:14',NULL);
INSERT INTO product_prices VALUES(15,4,'3yr',50000,735,1,'2026-05-31 12:36:31','2026-05-31 18:25:14',NULL);
INSERT INTO product_prices VALUES(16,4,'5yr',75000,1102,1,'2026-05-31 12:36:31','2026-05-31 18:25:14',NULL);
INSERT INTO product_prices VALUES(17,5,'3mo',16500,242,1,'2026-05-31 12:36:31','2026-05-31 18:25:14',NULL);
INSERT INTO product_prices VALUES(18,5,'6mo',28000,411,1,'2026-05-31 12:36:31','2026-05-31 18:25:14',NULL);
INSERT INTO product_prices VALUES(19,5,'1yr',45000,661,1,'2026-05-31 12:36:31','2026-05-31 18:25:14',NULL);
INSERT INTO product_prices VALUES(20,5,'3yr',100000,1470,1,'2026-05-31 12:36:31','2026-05-31 18:25:14',NULL);
INSERT INTO product_prices VALUES(21,5,'5yr',144000,2117,1,'2026-05-31 12:36:31','2026-05-31 18:25:14',NULL);
INSERT INTO product_prices VALUES(22,6,'3mo',25000,367,1,'2026-05-31 12:36:31','2026-05-31 18:25:14',NULL);
INSERT INTO product_prices VALUES(23,6,'6mo',40000,588,1,'2026-05-31 12:36:31','2026-05-31 18:25:14',NULL);
INSERT INTO product_prices VALUES(24,6,'1yr',60000,882,1,'2026-05-31 12:36:31','2026-05-31 18:25:14',NULL);
INSERT INTO product_prices VALUES(25,6,'3yr',131000,1926,1,'2026-05-31 12:36:31','2026-05-31 18:25:14',NULL);
INSERT INTO product_prices VALUES(26,6,'5yr',188000,2764,1,'2026-05-31 12:36:31','2026-05-31 18:25:14',NULL);
INSERT INTO product_prices VALUES(29,3,'daily',200,3,1,'2026-05-31 18:25:14','2026-05-31 18:25:14',NULL);
INSERT INTO product_prices VALUES(30,3,'weekly',900,13,1,'2026-05-31 18:25:14','2026-05-31 18:25:14',NULL);
INSERT INTO product_prices VALUES(31,4,'daily',300,5,1,'2026-05-31 18:25:14','2026-05-31 18:25:14',NULL);
INSERT INTO product_prices VALUES(32,4,'weekly',1400,21,1,'2026-05-31 18:25:14','2026-05-31 18:25:14',NULL);
INSERT INTO product_prices VALUES(33,5,'daily',550,8,1,'2026-05-31 18:25:14','2026-05-31 18:25:14',NULL);
INSERT INTO product_prices VALUES(34,5,'weekly',2700,40,1,'2026-05-31 18:25:14','2026-05-31 18:25:14',NULL);
INSERT INTO product_prices VALUES(35,6,'daily',850,12,1,'2026-05-31 18:25:14','2026-05-31 18:25:14',NULL);
INSERT INTO product_prices VALUES(36,6,'weekly',4200,62,1,'2026-05-31 18:25:14','2026-05-31 18:25:14',NULL);
INSERT INTO product_prices VALUES(37,8,'daily',100,200,1,'2026-05-31 18:41:27','2026-05-31 18:41:27',NULL);
INSERT INTO product_prices VALUES(38,8,'weekly',200,400,1,'2026-05-31 18:46:45','2026-05-31 18:46:45',NULL);
CREATE TABLE IF NOT EXISTS "orders" ("id" integer primary key autoincrement not null, "user_id" integer not null, "product_id" integer not null, "term" varchar not null, "currency" varchar not null default 'INR', "amount" integer not null, "gst_amount" integer not null default '0', "total_amount" integer not null, "razorpay_order_id" varchar, "razorpay_payment_id" varchar, "status" varchar check ("status" in ('pending', 'paid', 'failed', 'refunded')) not null default 'pending', "billing_mode" varchar check ("billing_mode" in ('upfront', 'monthly')) not null default 'upfront', "created_at" datetime, "updated_at" datetime, foreign key("user_id") references "users"("id") on delete cascade, foreign key("product_id") references "products"("id") on delete cascade);
INSERT INTO orders VALUES(1,2,4,'1yr','INR',2714000,0,2714000,'order_Sw3gYYsrl6Ws9c','pay_Sw3hkubPiP8S0D','paid','upfront','2026-05-31 17:45:31','2026-05-31 17:47:01');
INSERT INTO orders VALUES(2,2,3,'3mo','INR',708000,0,708000,'order_Sw3iyXu4l7ETgd','pay_Sw3jcLC5hssnhz','paid','upfront','2026-05-31 17:47:48','2026-05-31 17:48:46');
INSERT INTO orders VALUES(3,1,3,'3mo','INR',708000,0,708000,'order_Sw4HxJthFOFMv1',NULL,'pending','upfront','2026-05-31 18:20:55','2026-05-31 18:20:55');
INSERT INTO orders VALUES(5,1,8,'daily','INR',11800,0,11800,'order_Sw4dvxa1trEKeq',NULL,'pending','upfront','2026-05-31 18:41:44','2026-05-31 18:41:44');
INSERT INTO orders VALUES(6,1,8,'weekly','INR',23600,0,23600,'order_Swl4xrpINngutN',NULL,'pending','upfront','2026-06-02 12:12:27','2026-06-02 12:12:27');
CREATE TABLE IF NOT EXISTS "subscriptions" ("id" integer primary key autoincrement not null, "user_id" integer not null, "product_id" integer not null, "term" varchar not null, "razorpay_subscription_id" varchar, "razorpay_plan_id" varchar, "status" varchar check ("status" in ('active', 'cancelled', 'expired', 'paused')) not null default 'active', "current_period_start" datetime, "current_period_end" datetime, "amount" integer not null, "currency" varchar not null default 'INR', "created_at" datetime, "updated_at" datetime, foreign key("user_id") references "users"("id") on delete cascade, foreign key("product_id") references "products"("id") on delete cascade);
INSERT INTO subscriptions VALUES(1,1,8,'weekly','sub_Sw4joBD9guHlq8','plan_Sw4jnlVndg0W8h','active',NULL,NULL,200,'INR','2026-05-31 18:47:18','2026-05-31 18:47:18');
INSERT INTO subscriptions VALUES(2,1,2,'3yr','sub_Sw4oxDQFavdy6C','plan_Sw4owoi9HljDlb','active',NULL,NULL,20000,'INR','2026-05-31 18:52:10','2026-05-31 18:52:10');
INSERT INTO subscriptions VALUES(3,1,3,'6mo','sub_Sw4t7OSjkH0Ggk','plan_Sw4t6zCHpj14i6','active',NULL,NULL,9500,'INR','2026-05-31 18:56:07','2026-05-31 18:56:07');
INSERT INTO subscriptions VALUES(4,1,4,'5yr','sub_Sw54mKga3rLPxb','plan_Sw54luu21lzRf2','cancelled',NULL,NULL,75000,'INR','2026-05-31 19:07:09','2026-05-31 19:08:27');
INSERT INTO subscriptions VALUES(5,1,8,'weekly','sub_Swkwt8PuaykDfJ','plan_SwkwsgTkHjAOPh','active',NULL,NULL,200,'INR','2026-06-02 12:04:49','2026-06-02 12:04:49');
CREATE TABLE IF NOT EXISTS "license_keys" ("id" integer primary key autoincrement not null, "user_id" integer not null, "product_id" integer not null, "order_id" integer, "license_key" varchar not null, "activated_at" datetime, "expires_at" datetime, "is_active" tinyint(1) not null default '1', "activations_count" integer not null default '0', "max_activations" integer not null default '1', "created_at" datetime, "updated_at" datetime, foreign key("user_id") references "users"("id") on delete cascade, foreign key("product_id") references "products"("id") on delete cascade, foreign key("order_id") references "orders"("id") on delete set null);
INSERT INTO license_keys VALUES(1,2,4,1,'33b05763-482d-4d9c-8fa7-11f2384c8733','2026-05-31 17:47:01','2027-05-31 17:47:01',1,0,1,'2026-05-31 17:47:01','2026-05-31 17:47:01');
INSERT INTO license_keys VALUES(2,2,3,2,'88ff6808-7c08-4d64-8105-d42f73c68013','2026-05-31 17:48:46','2026-08-31 17:48:46',1,0,1,'2026-05-31 17:48:46','2026-05-31 17:48:46');
CREATE TABLE IF NOT EXISTS "quote_requests" ("id" integer primary key autoincrement not null, "name" varchar not null, "email" varchar not null, "company" varchar, "country" varchar not null, "product" varchar, "term" varchar, "seats" varchar, "message" text, "status" varchar check ("status" in ('pending', 'contacted', 'closed')) not null default 'pending', "notes" text, "created_at" datetime, "updated_at" datetime);
CREATE TABLE IF NOT EXISTS "settings" ("id" integer primary key autoincrement not null, "key" varchar not null, "value" text, "type" varchar not null default 'boolean', "created_at" datetime, "updated_at" datetime);
INSERT INTO settings VALUES(1,'user_can_print','0','boolean','2026-05-31 19:14:29','2026-05-31 19:21:37');
INSERT INTO settings VALUES(2,'site_name','AutoTerra','text','2026-05-31 19:14:29','2026-05-31 19:14:29');
INSERT INTO settings VALUES(3,'site_email','support@autoterra.net','text','2026-05-31 19:14:29','2026-05-31 19:14:29');
INSERT INTO settings VALUES(4,'company_address','F-2104, 1st Floor, Tower B, Ardent Office One, Hoodi, Bangalore 560048, Karnataka, India','text','2026-05-31 19:14:29','2026-05-31 19:14:29');
INSERT INTO settings VALUES(5,'custom_header_css',unistr('.feat-list {\u000a    display: flex;\u000a    flex-direction: column;\u000a    gap: 20px;\u000a}\u000a.feat-item {\u000a    display: flex;\u000a    gap: 16px;\u000a    align-items: flex-start;\u000a}\u000a.feat-icon {\u000a    width: 40px;\u000a    height: 40px;\u000a    border-radius: 10px;\u000a    display: flex;\u000a    align-items: center;\u000a    justify-content: center;\u000a    flex-shrink: 0;\u000a}\u000a.feat-icon.blue {\u000a    background: #E0F4FF;\u000a    color: #0860B0;\u000a}'),'text','2026-06-01 06:30:36','2026-06-01 06:30:36');
INSERT INTO settings VALUES(6,'custom_header_js','','text','2026-06-01 06:30:36','2026-06-01 06:30:36');
INSERT INTO settings VALUES(7,'custom_footer_js','','text','2026-06-01 06:30:36','2026-06-01 06:30:36');
INSERT INTO settings VALUES(8,'header_logo_a','AUTO','text','2026-06-01 07:25:19','2026-06-01 07:25:19');
INSERT INTO settings VALUES(9,'header_logo_t','TERRA','text','2026-06-01 07:25:19','2026-06-01 07:25:19');
INSERT INTO settings VALUES(10,'header_nav_links','{"1477f9f9-581d-4c91-8e59-ed3dfd5bbf3d":{"label":"Products","url":"\/products"},"28e103c7-a100-4159-bbcb-e360d38b1bb2":{"label":"Solutions","url":"\/solutions"},"7c722958-d5e7-4d5f-89ab-9ce0b55410f6":{"label":"Resources","url":"\/resources"},"ed9b62b2-59d1-451f-a710-86b29dc454bc":{"label":"Pricing","url":"\/pricing"},"a07aa846-25be-4efb-a4bd-2159e4af14a6":{"label":"Blog","url":"\/blog"}}','json','2026-06-01 07:25:19','2026-06-01 08:30:28');
INSERT INTO settings VALUES(11,'header_login_text','Login','text','2026-06-01 07:25:19','2026-06-01 07:25:19');
INSERT INTO settings VALUES(12,'header_cta_text','Buy Now','text','2026-06-01 07:25:19','2026-06-01 07:25:19');
INSERT INTO settings VALUES(13,'header_cta_url','/buy','text','2026-06-01 07:25:19','2026-06-01 07:25:19');
INSERT INTO settings VALUES(14,'footer_logo_a','AUTO','text','2026-06-01 07:25:19','2026-06-01 07:25:19');
INSERT INTO settings VALUES(15,'footer_logo_t','TERRA','text','2026-06-01 07:25:19','2026-06-01 07:25:19');
INSERT INTO settings VALUES(16,'footer_description','Full lifecycle geospatial software for survey, design, construction, maintenance and monitoring of infrastructure.','text','2026-06-01 07:25:19','2026-06-01 07:25:19');
INSERT INTO settings VALUES(17,'footer_links','{"bc112a1f-fdd9-424c-a75f-cccd9f048ac7":{"label":"Products","url":"\/products"},"e745f4a6-b57b-40ef-aa06-c790c8ba3221":{"label":"Pricing","url":"\/pricing"},"c2dff8e3-f28e-45eb-a927-58f4c6083e34":{"label":"Blog","url":"\/blog"},"d0e80b85-65d2-49c2-b85e-46dc013f9bd0":{"label":"Contact","url":"\/contact"},"cff7588f-5e45-4100-9a20-fd242922c665":{"label":"Privacy Policy","url":"\/privacy-policy"},"e25a25bb-42f4-475f-845b-ec8fbaa30fac":{"label":"Terms of Service","url":"\/terms-of-service"}}','json','2026-06-01 07:25:19','2026-06-01 08:30:28');
INSERT INTO settings VALUES(18,'footer_copyright','© 2026 AutoTerra. All rights reserved..','text','2026-06-01 07:25:19','2026-06-01 07:25:19');
INSERT INTO settings VALUES(19,'header_logo_image','','text','2026-06-01 07:36:13','2026-06-01 07:36:13');
INSERT INTO settings VALUES(20,'footer_logo_image','','text','2026-06-01 08:04:09','2026-06-01 08:04:09');
INSERT INTO settings VALUES(21,'media_allowed_types','image/jpeg,image/png,image/gif,image/webp,image/svg+xml,image/avif,video/mp4,video/webm,application/pdf,application/msword,application/vnd.openxmlformats-officedocument.wordprocessingml.document,application/vnd.ms-excel,application/vnd.openxmlformats-officedocument.spreadsheetml.sheet,text/csv,application/zip,application/x-zip-compressed','text','2026-06-01 08:27:27','2026-06-01 08:27:41');
INSERT INTO settings VALUES(22,'media_max_size','50','text','2026-06-01 08:27:27','2026-06-01 08:27:27');
CREATE TABLE IF NOT EXISTS "pages" ("id" integer primary key autoincrement not null, "title" varchar not null, "slug" varchar not null, "content" text, "excerpt" text, "meta_title" varchar, "meta_description" text, "featured_image" varchar, "is_published" tinyint(1) not null default '0', "published_at" datetime, "sort_order" integer not null default '0', "created_at" datetime, "updated_at" datetime);
INSERT INTO pages VALUES(1,'About AutoTerra','about-us','<h2>Our Story</h2><p>AutoTerra is developed by Infyterra Technologies — the engineering software division behind Infycons. Since 1998 we&#039;ve been building tools that help surveyors, road engineers, and geospatial professionals work faster.</p><h2>Our Mission</h2><p>Make professional-grade LiDAR and survey tools accessible to every engineering team worldwide.</p>','Learn about AutoTerra and Infyterra Technologies.',NULL,NULL,NULL,1,'2026-05-31 19:35:32',0,'2026-05-31 19:27:44','2026-05-31 19:35:32');
INSERT INTO pages VALUES(2,'Privacy Policy','privacy-policy','<h2>Information We Collect</h2><p>We collect information you provide directly to us, such as when you create an account, purchase a subscription, or contact us for support.</p><h2>How We Use Your Information</h2><p>We use the information we collect to provide, maintain, and improve our services, to process transactions, and to send you technical notices and support messages.</p>',NULL,NULL,NULL,NULL,1,'2026-05-31 19:27:44',0,'2026-05-31 19:27:44','2026-05-31 19:27:44');
INSERT INTO pages VALUES(3,'Terms of Service','terms-of-service','<h2>Acceptance of Terms</h2><p>By accessing or using AutoTerra, you agree to be bound by these Terms of Service.</p><h2>License Grant</h2><p>Subject to these Terms, we grant you a limited, non-exclusive, non-transferable license to use AutoTerra for your internal business purposes.</p>',NULL,NULL,NULL,NULL,1,'2026-05-31 19:27:44',0,'2026-05-31 19:27:44','2026-05-31 19:27:44');
INSERT INTO pages VALUES(4,'Pricing Overview','pricing-dynamic',NULL,'AutoTerra pricing — from free viewer to enterprise.',NULL,NULL,NULL,1,'2026-05-31 19:35:32',0,'2026-05-31 19:35:32','2026-05-31 19:35:32');
INSERT INTO pages VALUES(5,'Testing Page','test/testing-page',NULL,NULL,NULL,NULL,NULL,1,NULL,0,'2026-05-31 19:41:20','2026-06-01 06:57:03');
INSERT INTO pages VALUES(7,'Testing Page','testing-page',NULL,NULL,NULL,NULL,NULL,1,NULL,0,'2026-06-01 07:01:56','2026-06-01 07:01:56');
CREATE TABLE IF NOT EXISTS "posts" ("id" integer primary key autoincrement not null, "title" varchar not null, "slug" varchar not null, "content" text, "excerpt" text, "meta_title" varchar, "meta_description" text, "featured_image" varchar, "author_name" varchar, "category" varchar, "tags" text, "is_published" tinyint(1) not null default '0', "published_at" datetime, "sort_order" integer not null default '0', "created_at" datetime, "updated_at" datetime);
INSERT INTO posts VALUES(1,'Introducing AutoTerra Pro Spatial','introducing-autoterra-pro-spatial','<h2>The Complete Platform</h2><p>We&#039;re excited to announce AutoTerra Pro Spatial — the most comprehensive geospatial engineering platform we&#039;ve ever built.</p><h2>Key Features</h2><ul><li><p>GPU-accelerated point cloud processing</p></li><li><p>AI classification engine trained on 50M+ labeled points</p></li><li><p>Complete survey and CAD toolkit</p></li><li><p>Corridor and road survey module</p></li></ul>','The most comprehensive geospatial engineering platform — survey + LiDAR + terrain + roads.',NULL,NULL,'http://localhost:8000/storage/media/01KT0Z1GEB4AB6WRY8FHW79BH3.jpeg','AutoTerra Team','Product Updates','["Pro Spatial","LiDAR","Product Launch"]',1,'2026-05-26 00:00:00',0,'2026-05-31 19:27:44','2026-06-01 06:48:40');
INSERT INTO posts VALUES(2,'LiDAR Classification Best Practices','lidar-classification-best-practices','<h2>Getting Accurate Results</h2><p>AI-powered point cloud classification has transformed how we process LiDAR data.</p><h2>Training Data Quality</h2><p>The classification engine works best when you provide high-quality training data. Even 500 well-labeled points can significantly improve accuracy.</p>','Tips and techniques for getting the most accurate classification results.',NULL,NULL,NULL,'LiDAR Team','Tutorials','["LiDAR","Classification"]',1,'2026-05-19 19:35:32',0,'2026-05-31 19:27:44','2026-05-31 19:35:32');
INSERT INTO posts VALUES(3,'Highway Corridor Survey Workflow','highway-corridor-survey-workflow','<h2>From Mobile LiDAR to Deliverable</h2><p>Highway corridor surveys using mobile LiDAR have become the standard for road agencies worldwide.</p><h2>Step 1: Data Import</h2><p>Import mobile LiDAR data directly — LAS, LAZ, E57 supported.</p><h2>Step 2: Classification</h2><p>Use AI to automatically separate ground, vegetation, buildings, vehicles.</p>','How to streamline your highway corridor survey workflow.',NULL,NULL,NULL,'Solutions Team','Case Studies','["Highways","Mobile LiDAR"]',1,'2026-05-11 19:35:32',0,'2026-05-31 19:27:44','2026-05-31 19:35:32');
CREATE TABLE IF NOT EXISTS "forms" ("id" integer primary key autoincrement not null, "name" varchar not null, "slug" varchar not null, "description" text, "submit_button_text" varchar not null default 'Submit', "success_message" varchar not null default 'Thank you! Your submission has been received.', "redirect_url" varchar, "notification_email" varchar, "is_active" tinyint(1) not null default '1', "created_at" datetime, "updated_at" datetime);
INSERT INTO forms VALUES(1,'Contact Us','contact-form','Send us a message and we will get back to you within 1 business day.','Send Message','Thank you! Your submission has been received.',NULL,'support@autoterra.net',1,'2026-05-31 20:27:11','2026-05-31 20:27:11');
INSERT INTO forms VALUES(2,'Request a Quote','quote-form','Tell us your requirements and we will prepare a customised quote.','Request Quote','Thank you! Your submission has been received.',NULL,'sales@autoterra.net',1,'2026-05-31 20:27:11','2026-05-31 20:27:11');
CREATE TABLE IF NOT EXISTS "form_fields" ("id" integer primary key autoincrement not null, "form_id" integer not null, "label" varchar not null, "name" varchar not null, "type" varchar not null default 'text', "is_required" tinyint(1) not null default '0', "placeholder" text, "help_text" text, "options" text, "sort_order" integer not null default '0', "width" integer not null default '100', "created_at" datetime, "updated_at" datetime, foreign key("form_id") references "forms"("id") on delete cascade);
INSERT INTO form_fields VALUES(1,1,'Your Name','full_name','text',1,NULL,NULL,NULL,1,50,'2026-05-31 20:27:11','2026-05-31 20:27:11');
INSERT INTO form_fields VALUES(2,1,'Email','email','email',1,NULL,NULL,NULL,2,50,'2026-05-31 20:27:11','2026-05-31 20:27:11');
INSERT INTO form_fields VALUES(3,1,'Subject','subject','select',1,NULL,NULL,'["Product Demo","Technical Support","Sales Inquiry","Other"]',3,100,'2026-05-31 20:27:11','2026-05-31 20:27:11');
INSERT INTO form_fields VALUES(4,1,'Message','message','textarea',1,NULL,NULL,NULL,4,100,'2026-05-31 20:27:11','2026-05-31 20:27:11');
INSERT INTO form_fields VALUES(5,2,'Full Name','full_name','text',1,NULL,NULL,NULL,1,50,'2026-05-31 20:27:11','2026-05-31 20:27:11');
INSERT INTO form_fields VALUES(6,2,'Work Email','email','email',1,NULL,NULL,NULL,2,50,'2026-05-31 20:27:11','2026-05-31 20:27:11');
INSERT INTO form_fields VALUES(7,2,'Company','company','text',1,NULL,NULL,NULL,3,50,'2026-05-31 20:27:11','2026-05-31 20:27:11');
INSERT INTO form_fields VALUES(8,2,'Product Interest','product','select',1,NULL,NULL,'["AutoTerra View","AutoTerra LT","AutoTerra Standard","AutoTerra Spatial","AutoTerra Pro","AutoTerra Pro Spatial"]',4,50,'2026-05-31 20:27:11','2026-05-31 20:27:11');
INSERT INTO form_fields VALUES(9,2,'Additional Notes','notes','textarea',0,NULL,NULL,NULL,5,100,'2026-05-31 20:27:11','2026-05-31 20:27:11');
CREATE TABLE IF NOT EXISTS "form_submissions" ("id" integer primary key autoincrement not null, "form_id" integer not null, "name" varchar, "email" varchar, "data" text not null, "ip_address" varchar, "user_agent" varchar, "is_read" tinyint(1) not null default '0', "created_at" datetime, "updated_at" datetime, foreign key("form_id") references "forms"("id") on delete cascade);
CREATE TABLE IF NOT EXISTS "page_contents" (
            id INTEGER PRIMARY KEY AUTOINCREMENT,
            page VARCHAR NOT NULL,
            "key" VARCHAR NOT NULL,
            value TEXT,
            type VARCHAR NOT NULL DEFAULT 'text',
            created_at TIMESTAMP NULL,
            updated_at TIMESTAMP NULL
        );
INSERT INTO page_contents VALUES(1,'global','site.title','AutoTerra','text','2026-05-31 12:36:31','2026-05-31 12:36:31');
INSERT INTO page_contents VALUES(2,'global','site.description','Professional LiDAR, survey, and terrain software by Infyterra Technologies. 25+ years of engineering software, trusted in 20+ countries since 1998.','text','2026-05-31 12:36:31','2026-05-31 12:36:31');
INSERT INTO page_contents VALUES(3,'global','footer.description','Professional LiDAR, survey, and terrain software by Infyterra Technologies. 25+ years of engineering software, trusted in 20+ countries since 1998.','text','2026-05-31 12:36:31','2026-05-31 12:36:31');
INSERT INTO page_contents VALUES(4,'global','footer.copyright','© 2026 Infyterra Technologies. All rights reserved.','text','2026-05-31 12:36:31','2026-05-31 18:00:35');
INSERT INTO page_contents VALUES(5,'home','hero.pill_text','Geospatial engineering platform','text','2026-05-31 12:36:31','2026-05-31 12:36:31');
INSERT INTO page_contents VALUES(6,'home','hero.heading','Survey. Model. <em>Deliver.</em>.','text','2026-05-31 12:36:31','2026-06-01 09:27:27');
INSERT INTO page_contents VALUES(7,'home','hero.subheading','A complete desktop platform for field engineers and GIS professionals — from point cloud processing to contour generation, CAD drafting to highway design.','text','2026-05-31 12:36:31','2026-05-31 12:36:31');
INSERT INTO page_contents VALUES(8,'home','hero.button_primary_text','Explore product family','text','2026-05-31 12:36:31','2026-05-31 12:36:31');
INSERT INTO page_contents VALUES(9,'home','hero.button_primary_url','products.html','text','2026-05-31 12:36:31','2026-05-31 12:36:31');
INSERT INTO page_contents VALUES(10,'home','hero.button_secondary_text','Watch 2-min overview','text','2026-05-31 12:36:31','2026-05-31 12:36:31');
INSERT INTO page_contents VALUES(11,'home','stats','[{"number":"25+","label":"Years of engineering software"},{"number":"20+","label":"Countries worldwide"},{"number":"50+","label":"File formats supported"},{"number":"10+","label":"Integrated modules"}]','json','2026-05-31 12:36:31','2026-05-31 12:36:31');
INSERT INTO page_contents VALUES(12,'home','feature1.eyebrow','Platform capabilities','text','2026-05-31 12:36:31','2026-05-31 12:36:31');
INSERT INTO page_contents VALUES(13,'home','feature1.heading','One licence. One interface. <br>Zero software-switching.','text','2026-05-31 12:36:31','2026-06-01 09:56:44');
INSERT INTO page_contents VALUES(14,'home','feature1.description','From classifying a billion-point cloud to generating finished CAD plans and engineering reports — inside a single session, without exporting to another application.','text','2026-05-31 12:36:31','2026-05-31 12:36:31');
INSERT INTO page_contents VALUES(15,'home','feature1.features','[{"icon":"ti-3d-cube-sphere" ,"title":"LiDAR point cloud processing","description":"GPU-accelerated classification, object detection, vegetation analysis \u2014 interactive in full 3D at any dataset size."},{"icon":"ti-mountain" ,"title":"Surface & terrain modelling","description":"TIN surfaces, contours, slope analysis, volumes and cross-sections \u2014 from raw survey or classified point cloud."},{"icon":"ti-vector-triangle","title":"GIS-native CAD environment","description":"Full CAD drafting with live GIS layers, online maps and survey data coexisting in the same project workspace."}]','json','2026-05-31 12:36:31','2026-06-01 10:05:30');
INSERT INTO page_contents VALUES(16,'home','feature1.link_text','Explore all modules','text','2026-05-31 12:36:31','2026-05-31 12:36:31');
INSERT INTO page_contents VALUES(17,'home','feature2.eyebrow','Survey to deliverable','text','2026-05-31 12:36:31','2026-05-31 12:36:31');
INSERT INTO page_contents VALUES(18,'home','feature2.heading','Field data to finished drawing — without leaving AutoTerra','text','2026-05-31 12:36:31','2026-05-31 12:36:31');
INSERT INTO page_contents VALUES(19,'home','feature2.description','Import from total station, DGPS or legacy instruments. AutoTerra''s code library converts field observations into production-ready CAD drawings automatically at import.','text','2026-05-31 12:36:31','2026-05-31 12:36:31');
INSERT INTO page_contents VALUES(20,'home','feature2.checklist','["Field-to-finish code-driven drafting","Traverse computation & COGO","50+ instrument and file formats","Section, volume & corridor workflows","Traditional & modern survey support"]','json','2026-05-31 12:36:31','2026-05-31 12:36:31');
INSERT INTO page_contents VALUES(21,'home','testimonials','[{"quote":"AutoTerra has become an integral part of every infrastructure project we handle. One platform replacing five separate tools \u2014 the productivity gain is significant.","author_name":"Project Director","author_org":"Infrastructure Consultancy \u2014 India","author_img":"http://localhost:8000/storage/media/01KT3TPSG5WMH6T60CKXVRKREG.png"},{"quote":"Point cloud classification accuracy is competitive with specialist platforms costing three times as much. Pro Spatial is exceptional value for serious LiDAR work.","author_name":"LiDAR Processing Lead","author_org":"Geospatial Survey Company \u2014 UAE","author_img":"http://localhost:8000/storage/media/01KT3TPSG5WMH6T60CKXVRKREG.png"}, {"quote":"Point cloud classification accuracy is competitive with specialist platforms costing three times as much. Pro Spatial is exceptional value for serious LiDAR work.","author_name":"LiDAR Processing Lead","author_org":"Geospatial Survey Company \u2014 UAE","author_img":"http://localhost:8000/storage/media/01KT3TPSG5WMH6T60CKXVRKREG.png"}, {"quote":"Point cloud classification accuracy is competitive with specialist platforms costing three times as much. Pro Spatial is exceptional value for serious LiDAR work.","author_name":"LiDAR Processing Lead","author_org":"Geospatial Survey Company \u2014 UAE","author_img":"http://localhost:8000/storage/media/01KT3TPSG5WMH6T60CKXVRKREG.png"}]','json','2026-05-31 12:36:31','2026-06-02 11:02:55');
INSERT INTO page_contents VALUES(22,'home','products.eyebrow','Product family','text','2026-05-31 12:36:31','2026-05-31 12:36:31');
INSERT INTO page_contents VALUES(23,'home','products.heading','One family. Every scale.','text','2026-05-31 12:36:31','2026-05-31 12:36:31');
INSERT INTO page_contents VALUES(24,'home','products.description','From individual site surveys to billion-point aerial LiDAR and full highway corridor projects.','text','2026-05-31 12:36:31','2026-05-31 12:36:31');
INSERT INTO page_contents VALUES(25,'home','cta.heading','Ready to see AutoTerra on your data?','text','2026-05-31 12:36:31','2026-05-31 12:36:31');
INSERT INTO page_contents VALUES(26,'home','cta.description','Request a 30-minute demo with a product specialist — using your own data if you want. No generic slideshows.','text','2026-05-31 12:36:31','2026-05-31 12:36:31');
INSERT INTO page_contents VALUES(27,'home','cta.button_primary_text','Buy Now','text','2026-05-31 12:36:31','2026-05-31 12:36:31');
INSERT INTO page_contents VALUES(28,'home','cta.button_secondary_text','Download datasheet','text','2026-05-31 12:36:31','2026-05-31 12:36:31');
INSERT INTO page_contents VALUES(29,'about','hero.eyebrow','About Infyterra Technologies','text','2026-05-31 12:36:31','2026-05-31 12:36:31');
INSERT INTO page_contents VALUES(30,'about','hero.heading','25+ years building software for engineers','text','2026-05-31 12:36:31','2026-05-31 12:36:31');
INSERT INTO page_contents VALUES(31,'about','hero.description','AutoTerra is developed by Infyterra Technologies — the engineering software division behind Infycons. Since 1998 we''ve been building tools that help surveyors, road engineers, and geospatial professionals work faster and deliver more accurate results.','text','2026-05-31 12:36:31','2026-05-31 12:36:31');
INSERT INTO page_contents VALUES(32,'about','story.eyebrow','Our story','text','2026-05-31 12:36:31','2026-05-31 12:36:31');
INSERT INTO page_contents VALUES(33,'about','story.heading','Engineering software built by engineers who use it','text','2026-05-31 12:36:31','2026-05-31 12:36:31');
INSERT INTO page_contents VALUES(34,'about','story.paragraphs','["Infyterra Technologies was founded by engineers who had experienced the pain of slow, expensive, and inflexible spatial software first-hand. We set out to build tools that respect the way surveyors and engineers actually work \u2014 not the way software architects think they should.","Today AutoTerra is deployed by survey firms, road agencies, mapping bureaux, mining companies, and national mapping organisations across 20+ countries. Our clients range from solo practitioners to teams of 200+ seats, and our software processes everything from small site surveys to billion-point aerial LiDAR datasets.","We remain headquartered in Bangalore, India, with regional support offices and certified partners across the geographies we serve."]','json','2026-05-31 12:36:31','2026-05-31 12:36:31');
INSERT INTO page_contents VALUES(35,'about','timeline','[{"year":"1998","text":"Infyterra Technologies founded in Bangalore. First survey data processing tool released for AutoCAD-based workflows."},{"year":"2004","text":"AutoPlotter becomes the reference tool for land surveying across India. 500+ engineering firms adopt the platform."},{"year":"2010","text":"GIS+ module released. Infycons international expansion begins \u2014 first clients in UAE, Kenya, and Southeast Asia."},{"year":"2016","text":"AutoRoads launched for complete highway geometric design. First national mapping agency deployment."},{"year":"2020","text":"AutoTerra brand launched \u2014 unified suite covering the full survey to LiDAR to terrain to CAD pipeline."},{"year":"2024","text":"AI-powered point cloud classification engine released. Pro Spatial becomes the flagship edition."},{"year":"Today","text":"AutoTerra deployed in 20+ countries. 7 editions. AutoRoads early access programme open. UAV Photogrammetry module in development."}]','json','2026-05-31 12:36:31','2026-05-31 12:36:31');
INSERT INTO page_contents VALUES(36,'about','stats','[{"number":"25+","label":"years of engineering software"},{"number":"20+","label":"countries deployed"},{"number":"1,000+","label":"engineering firms trust us"},{"number":"7","label":"product editions"}]','json','2026-05-31 12:36:31','2026-05-31 12:36:31');
INSERT INTO page_contents VALUES(37,'about','values.eyebrow','Our values','text','2026-05-31 12:36:31','2026-05-31 12:36:31');
INSERT INTO page_contents VALUES(38,'about','values.heading','What drives us','text','2026-05-31 12:36:31','2026-05-31 12:36:31');
INSERT INTO page_contents VALUES(39,'about','values.description','Every decision we make traces back to one goal: make the engineer''s job faster, more accurate, and less frustrating.','text','2026-05-31 12:36:31','2026-05-31 12:36:31');
INSERT INTO page_contents VALUES(40,'about','values.cards','[{"title":"Engineering accuracy first","description":"Every algorithm, interpolation method, and output format is reviewed by practising civil engineers before release."},{"title":"Built for the field, not just the office","description":"Our tools are designed around real workflows \u2014 the way surveyors actually work in the field and the office."},{"title":"Global reach, local support","description":"We serve 20+ countries with localised support, regional pricing, and technical documentation in multiple languages."},{"title":"Continuous improvement","description":"Annual maintenance plans include every new feature release \u2014 not just bug fixes. Your software gets better every year."},{"title":"Honest, transparent licensing","description":"No hidden fees, no mandatory cloud, no annual re-licensing traps. You own your licence term."},{"title":"Open to the future","description":"Python scripting API, REST endpoints, and plugin SDK mean AutoTerra grows with your workflow."}]','json','2026-05-31 12:36:31','2026-05-31 12:36:31');
INSERT INTO page_contents VALUES(41,'about','team.eyebrow','The team','text','2026-05-31 12:36:31','2026-05-31 12:36:31');
INSERT INTO page_contents VALUES(42,'about','team.heading','The people behind AutoTerra','text','2026-05-31 12:36:31','2026-05-31 12:36:31');
INSERT INTO page_contents VALUES(43,'about','team.description','A dedicated team of civil engineers, geospatial scientists, and software developers — all based in Bangalore.','text','2026-05-31 12:36:31','2026-05-31 12:36:31');
INSERT INTO page_contents VALUES(44,'about','team.members','[{"name":"Sandipan Chakraborty","role":"Director & Founder"},{"name":"Engineering Lead","role":"Head of Engineering"},{"name":"LiDAR Lead","role":"LiDAR & Geospatial Science"},{"name":"Solutions Lead","role":"Customer Solutions"}]','json','2026-05-31 12:36:31','2026-05-31 12:36:31');
INSERT INTO page_contents VALUES(45,'about','clients.eyebrow','Trusted by','text','2026-05-31 12:36:31','2026-05-31 12:36:31');
INSERT INTO page_contents VALUES(46,'about','clients.heading','1,000+ engineering firms worldwide','text','2026-05-31 12:36:31','2026-05-31 12:36:31');
INSERT INTO page_contents VALUES(47,'about','clients.description','Government agencies, highway consultants, survey firms, mining companies, and mapping bureaux across Asia, Africa, and the Middle East.','text','2026-05-31 12:36:31','2026-05-31 12:36:31');
INSERT INTO page_contents VALUES(48,'about','infycons.eyebrow','The Infycons family','text','2026-05-31 12:36:31','2026-05-31 12:36:31');
INSERT INTO page_contents VALUES(49,'about','infycons.heading','Part of a 25-year engineering software legacy','text','2026-05-31 12:36:31','2026-05-31 12:36:31');
INSERT INTO page_contents VALUES(50,'about','infycons.paragraphs','["AutoTerra is the international brand built on the same codebase and engineering expertise as Infycons. Our Indian market products \u2014 AutoPlotter, Road Estimator, and AutoRoads \u2014 have been trusted by L&T, Tata, JSW, IndianOil, Reliance, and hundreds of government departments across India for over two decades.","Infycons products have been trusted by L&T, Tata, JSW, IndianOil, Reliance, and hundreds of government departments across India for over two decades."]','json','2026-05-31 12:36:31','2026-05-31 12:36:31');
INSERT INTO page_contents VALUES(51,'about','infycons.button_text','Visit Infycons.com','text','2026-05-31 12:36:31','2026-05-31 12:36:31');
INSERT INTO page_contents VALUES(52,'about','office.title','Infyterra Technologies — HQ','text','2026-05-31 12:36:31','2026-05-31 12:36:31');
INSERT INTO page_contents VALUES(53,'about','office.address','F-2104, 1st Floor, Tower B, Ardent Office One, Hoodi, Bangalore 560048, Karnataka, India','text','2026-05-31 12:36:31','2026-05-31 12:36:31');
INSERT INTO page_contents VALUES(54,'about','office.phone','+91 80 66320710','text','2026-05-31 12:36:31','2026-05-31 12:36:31');
INSERT INTO page_contents VALUES(55,'about','office.email','sales@infycons.com','text','2026-05-31 12:36:31','2026-05-31 12:36:31');
INSERT INTO page_contents VALUES(56,'about','cta.heading','Ready to see AutoTerra in action?','text','2026-05-31 12:36:31','2026-05-31 12:36:31');
INSERT INTO page_contents VALUES(57,'about','cta.description','Talk to our team about your workflow and we''ll show you exactly how AutoTerra fits in.','text','2026-05-31 12:36:31','2026-05-31 12:36:31');
INSERT INTO page_contents VALUES(58,'about','cta.button_primary_text','Request a demo','text','2026-05-31 12:36:31','2026-05-31 12:36:31');
INSERT INTO page_contents VALUES(59,'about','cta.button_secondary_text','Explore products','text','2026-05-31 12:36:31','2026-05-31 12:36:31');
INSERT INTO page_contents VALUES(60,'products','hero.eyebrow','Product family','text','2026-05-31 12:36:31','2026-05-31 12:36:31');
INSERT INTO page_contents VALUES(61,'products','hero.heading','One platform. Every scale.','text','2026-05-31 12:36:31','2026-05-31 12:36:31');
INSERT INTO page_contents VALUES(62,'products','hero.description','From individual site surveys to billion-point aerial LiDAR datasets and full highway corridor projects. Choose the edition that fits your workflow.','text','2026-05-31 12:36:31','2026-05-31 12:36:31');
INSERT INTO page_contents VALUES(63,'products','tracks.eyebrow','Two tracks','text','2026-05-31 12:36:31','2026-05-31 12:36:31');
INSERT INTO page_contents VALUES(64,'products','tracks.heading','Find your workflow','text','2026-05-31 12:36:31','2026-05-31 12:36:31');
INSERT INTO page_contents VALUES(65,'products','tracks.description','AutoTerra is organised into two product tracks — choose based on your primary discipline. Both tracks share the same CAD engine and project format.','text','2026-05-31 12:36:31','2026-05-31 12:36:31');
INSERT INTO page_contents VALUES(66,'products','tracks','[{"name":"Survey \/ CAD \/ Terrain","subtitle":"Traditional surveying through to corridor design","description":"For field engineers, surveyors and CAD operators who work with total station data, GPS, DTM surfaces, contours, cross-sections and volumes. Full CAD environment included."},{"name":"LiDAR \/ Point Cloud","subtitle":"Site-scale to corridor-scale airborne & UAV data","description":"For LiDAR operators, UAV survey teams and geospatial analysts who need GPU-accelerated point cloud classification, object detection, DSM\/DEM export and large-dataset handling."}]','json','2026-05-31 12:36:31','2026-05-31 12:36:31');
INSERT INTO page_contents VALUES(67,'products','comparison.heading','Feature comparison','text','2026-05-31 12:36:31','2026-05-31 12:36:31');
INSERT INTO page_contents VALUES(68,'products','comparison.description','All editions include the core CAD environment, DWG/DXF exchange and online map integration.','text','2026-05-31 12:36:31','2026-05-31 12:36:31');
INSERT INTO page_contents VALUES(69,'products','faq','[{"question":"Can I upgrade between editions?","answer":"Yes \u2014 upgrades are available at any time. You pay the difference between your current licence and the target edition. Your project files, settings and code libraries carry across without any migration step."},{"question":"What is the difference between AutoTerra Spatial and Pro Spatial?","answer":"AutoTerra Spatial bundles Standard-level survey and terrain tools with basic LiDAR processing \u2014 suited for site-scale projects with standard point cloud capacity. Pro Spatial adds the full LiDAR suite: large-dataset tile-based processing, all 8 object detection categories, 3D animation export, and advanced classification routines."},{"question":"Is a perpetual licence available, or subscription only?","answer":"Both perpetual and annual subscription licences are available. Pricing varies by region \u2014 contact the team for a quote tailored to your location."},{"question":"What are the system requirements?","answer":"AutoTerra runs on Windows 10 \/ 11 (64-bit). Minimum 8 GB RAM; 16 GB recommended for LiDAR work. A dedicated GPU is recommended for point cloud processing and 3D terrain views \u2014 especially for Pro Spatial with large datasets."}]','json','2026-05-31 12:36:31','2026-05-31 12:36:31');
INSERT INTO page_contents VALUES(70,'products','cta.heading','Ready to see AutoTerra in action?','text','2026-05-31 12:36:31','2026-05-31 12:36:31');
INSERT INTO page_contents VALUES(71,'products','cta.description','Request a 30-day trial of Pro Spatial — full platform, no restrictions.','text','2026-05-31 12:36:31','2026-05-31 12:36:31');
INSERT INTO page_contents VALUES(72,'products','cta.button_primary_text','Buy Now','text','2026-05-31 12:36:31','2026-05-31 12:36:31');
INSERT INTO page_contents VALUES(73,'products','cta.button_secondary_text','Talk to sales','text','2026-05-31 12:36:31','2026-05-31 12:36:31');
INSERT INTO page_contents VALUES(74,'pricing','hero.eyebrow','Pricing','text','2026-05-31 12:36:31','2026-05-31 12:36:31');
INSERT INTO page_contents VALUES(75,'pricing','hero.heading','The right edition for every team and budget','text','2026-05-31 12:36:31','2026-05-31 12:36:31');
INSERT INTO page_contents VALUES(76,'pricing','hero.description','AutoTerra is priced to make professional-grade LiDAR and survey tools accessible — whether you''re a solo surveyor, a mid-size consultancy, or a national mapping agency.','text','2026-05-31 12:36:31','2026-05-31 12:36:31');
INSERT INTO page_contents VALUES(77,'pricing','hero.region_note','Pricing varies by country and region. Contact us for a quote tailored to your location and team size — we''ll respond within one business day.','text','2026-05-31 12:36:31','2026-05-31 12:36:31');
INSERT INTO page_contents VALUES(78,'pricing','track_description.survey','4 editions in the Survey / CAD / Terrain track — from free viewing to the complete survey + LiDAR platform.','text','2026-05-31 12:36:31','2026-05-31 12:36:31');
INSERT INTO page_contents VALUES(79,'pricing','track_description.lidar','3 editions in the LiDAR / Point Cloud track — focused on classification, terrain, and large-scale airborne or drone-LiDAR workflows.','text','2026-05-31 12:36:31','2026-05-31 12:36:31');
INSERT INTO page_contents VALUES(80,'pricing','faq','[{"question":"Why aren''t prices shown?","answer":"AutoTerra is sold in 20+ countries with purchasing power parity applied \u2014 the same edition genuinely costs different amounts in different markets. Showing a single price would be misleading. Contact us and we''ll quote your exact region within one business day."},{"question":"What''s included in annual maintenance?","answer":"All new feature releases, version upgrades, and priority support are included in the annual maintenance plan. You never pay for a major version upgrade separately."},{"question":"What''s a floating license?","answer":"A floating (network) license lets any machine on your network activate the software up to the licensed seat count simultaneously. Ideal for teams where not everyone works at the same time."},{"question":"Is there a free trial?","answer":"Yes. We offer a fully featured 30-day trial of AutoTerra Pro Spatial \u2014 no credit card required. Apply via the Contact page."},{"question":"Do you offer academic pricing?","answer":"Yes. Universities, research institutions, and accredited training organisations are eligible for significantly discounted academic licenses."},{"question":"Can I upgrade my edition later?","answer":"Absolutely. You can upgrade to a higher edition at any time \u2014 you pay only the difference in license value, and your project files and settings migrate seamlessly."}]','json','2026-05-31 12:36:31','2026-05-31 12:36:31');
INSERT INTO page_contents VALUES(81,'pricing','enterprise.heading','Large team or government agency?','text','2026-05-31 12:36:31','2026-05-31 12:36:31');
INSERT INTO page_contents VALUES(82,'pricing','enterprise.description','We offer volume discounts, site licenses, and dedicated account management for teams of 10+ seats, government departments, and national mapping organisations.','text','2026-05-31 12:36:31','2026-05-31 12:36:31');
INSERT INTO page_contents VALUES(83,'pricing','enterprise.button_primary_text','Talk to our enterprise team','text','2026-05-31 12:36:31','2026-05-31 12:36:31');
INSERT INTO page_contents VALUES(84,'pricing','enterprise.button_secondary_text','Compare all features','text','2026-05-31 12:36:31','2026-05-31 12:36:31');
INSERT INTO page_contents VALUES(85,'buy','hero.heading','Buy <span>AutoTerra</span>','richtext','2026-05-31 12:36:31','2026-05-31 12:36:31');
INSERT INTO page_contents VALUES(86,'buy','hero.sub','All plans include updates during the subscription period and standard email support. Node-locked license — one activation per seat.','text','2026-05-31 12:36:31','2026-05-31 12:36:31');
INSERT INTO page_contents VALUES(87,'buy','geo_banner.detecting','Detecting your location…','text','2026-05-31 12:36:31','2026-05-31 12:36:31');
INSERT INTO page_contents VALUES(88,'buy','tax_note','Prices are in Indian Rupees (₹) and exclusive of GST (18%). GST will be added at checkout. Floating network license available for Pro, Spatial, Pro Spatial.','text','2026-05-31 12:36:31','2026-05-31 12:36:31');
INSERT INTO page_contents VALUES(89,'buy','intl.notice_heading','Online purchase is currently available for India only','text','2026-05-31 12:36:31','2026-05-31 12:36:31');
INSERT INTO page_contents VALUES(90,'buy','intl.notice_text','Online checkout with INR pricing is available for Indian customers. For your region, our team will provide a customised quote in your local currency — typically within one business day.','text','2026-05-31 12:36:31','2026-05-31 12:36:31');
INSERT INTO page_contents VALUES(91,'contact','hero.heading','Get in touch with our team','text','2026-05-31 12:36:31','2026-05-31 12:36:31');
INSERT INTO page_contents VALUES(92,'contact','hero.description','Whether you need a product demo, a free trial, or just have a question — fill in the form and we''ll get back to you within one business day.','text','2026-05-31 12:36:31','2026-05-31 12:36:31');
INSERT INTO page_contents VALUES(93,'contact','info.steps','[{"title":"We review your request","description":"A solutions engineer reads your message and matches it with the right product or demo track."},{"title":"We reach out within 1 business day","description":"You''ll receive a personal reply \u2014 not a bot \u2014 from the regional AutoTerra team."},{"title":"Demo or trial is scheduled","description":"We''ll arrange a live walkthrough or issue your trial license \u2014 typically within 48 hours of first contact."}]','json','2026-05-31 12:36:31','2026-05-31 12:36:31');
INSERT INTO page_contents VALUES(94,'contact','info.email','support@autoterra.net','text','2026-05-31 12:36:31','2026-05-31 12:36:31');
INSERT INTO page_contents VALUES(95,'contact','info.made_by','Infyterra Technologies — infycons.com','text','2026-05-31 12:36:31','2026-05-31 12:36:31');
INSERT INTO page_contents VALUES(96,'quote','hero.badge_text','Request a Quote','text','2026-05-31 12:36:31','2026-06-01 08:56:12');
INSERT INTO page_contents VALUES(97,'quote','hero.heading','Pricing tailored to <br><span>your organisation</span>','text','2026-05-31 12:36:31','2026-06-01 09:10:09');
INSERT INTO page_contents VALUES(98,'quote','hero.description','Tell us about your requirements — product, team size, and preferred licence model — and our sales team will prepare a detailed quote, usually within one business day.','text','2026-05-31 12:36:31','2026-05-31 12:36:31');
INSERT INTO page_contents VALUES(99,'quote','hero.trust_items','["No commitment required","Response within 24 hours","Dedicated account support","Volume & multi-year discounts available"]','json','2026-05-31 12:36:31','2026-05-31 12:36:31');
INSERT INTO page_contents VALUES(100,'quote','sidebar.heading','What happens after you submit','text','2026-05-31 12:36:31','2026-05-31 12:36:31');
INSERT INTO page_contents VALUES(101,'quote','sidebar.steps','[{"title":"We review your requirements","description":"Our technical sales team reads every request and selects the most suitable edition and licence configuration."},{"title":"You receive a tailored quote","description":"A formal PDF quote arrives within one business day. It includes itemised pricing, volume discounts, and available payment methods."},{"title":"Demo or trial (optional)","description":"If you''d like to evaluate AutoTerra first, we''ll arrange a guided demo or a 14-day trial licence."},{"title":"Activate & onboard","description":"Once confirmed, licence keys are issued same day and our onboarding team helps you get started."}]','json','2026-05-31 12:36:31','2026-05-31 12:36:31');
INSERT INTO page_contents VALUES(102,'quote','sidebar.email','sales@autoterra.net','text','2026-05-31 12:36:31','2026-05-31 12:36:31');
INSERT INTO page_contents VALUES(103,'quote','sidebar.india_note','Based in India? INR pricing with GST breakdown and direct online purchase is available on our Buy page.','text','2026-05-31 12:36:31','2026-05-31 12:36:31');
INSERT INTO page_contents VALUES(104,'pro','hero.badge','Engineering Edition','text','2026-05-31 12:36:31','2026-05-31 12:36:31');
INSERT INTO page_contents VALUES(105,'pro','hero.heading','AutoTerra Pro','text','2026-05-31 12:36:31','2026-05-31 12:36:31');
INSERT INTO page_contents VALUES(106,'pro','hero.description','The professional survey and terrain platform for civil engineers and land surveyors. Full DTM generation, cross-section workflows, DXF/DWG integration, and advanced terrain analysis.','text','2026-05-31 12:36:31','2026-05-31 12:36:31');
INSERT INTO page_contents VALUES(107,'pro','hero.button_primary_text','Get a quote','text','2026-05-31 12:36:31','2026-05-31 12:36:31');
INSERT INTO page_contents VALUES(108,'pro','hero.button_secondary_text','Request a demo','text','2026-05-31 12:36:31','2026-05-31 12:36:31');
INSERT INTO page_contents VALUES(109,'pro','hero.button_tertiary_text','Compare editions','text','2026-05-31 12:36:31','2026-05-31 12:36:31');
INSERT INTO page_contents VALUES(110,'pro','differentiators.items','["DTM \/ DSM generation","Cross-sections & profiles","DXF \/ DWG read & write","COGO & traverse","Volume calculations","50+ CRS supported"]','json','2026-05-31 12:36:31','2026-05-31 12:36:31');
INSERT INTO page_contents VALUES(111,'pro','section1.eyebrow','Terrain & Surface Modeling','text','2026-05-31 12:36:31','2026-05-31 12:36:31');
INSERT INTO page_contents VALUES(112,'pro','section1.heading','Survey-grade terrain models — DTM, DSM, and everything in between','text','2026-05-31 12:36:31','2026-05-31 12:36:31');
INSERT INTO page_contents VALUES(113,'pro','section1.description','AutoTerra Pro takes your field survey data and generates production-ready terrain models with full control over interpolation, break-lines, and output resolution.','text','2026-05-31 12:36:31','2026-05-31 12:36:31');
INSERT INTO page_contents VALUES(114,'pro','section2.eyebrow','Cross-Sections & Long Profiles','text','2026-05-31 12:36:31','2026-05-31 12:36:31');
INSERT INTO page_contents VALUES(115,'pro','section2.heading','Submission-ready section drawings — generated automatically along any alignment','text','2026-05-31 12:36:31','2026-05-31 12:36:31');
INSERT INTO page_contents VALUES(116,'pro','section3.eyebrow','Survey & CAD Integration','text','2026-05-31 12:36:31','2026-05-31 12:36:31');
INSERT INTO page_contents VALUES(117,'pro','section3.heading','From field observations to submission-ready CAD — in one environment','text','2026-05-31 12:36:31','2026-05-31 12:36:31');
INSERT INTO page_contents VALUES(118,'pro','capabilities.eyebrow','Everything included','text','2026-05-31 12:36:31','2026-05-31 12:36:31');
INSERT INTO page_contents VALUES(119,'pro','capabilities.heading','The complete Pro capability set','text','2026-05-31 12:36:31','2026-05-31 12:36:31');
INSERT INTO page_contents VALUES(120,'pro','who.eyebrow','Who uses AutoTerra Pro','text','2026-05-31 12:36:31','2026-05-31 12:36:31');
INSERT INTO page_contents VALUES(121,'pro','who.heading','Built for the professional survey team','text','2026-05-31 12:36:31','2026-05-31 12:36:31');
INSERT INTO page_contents VALUES(122,'pro','who.personas','[{"title":"Land surveyors","description":"Cadastral surveys, topographic mapping, traverse processing."},{"title":"Civil engineers","description":"Road and canal cross-sections, earthwork quantities."},{"title":"Mining survey teams","description":"Stockpile volumes, pit floor surveys, strata-wise section generation."}]','json','2026-05-31 12:36:31','2026-05-31 12:36:31');
INSERT INTO page_contents VALUES(123,'pro','cta.heading','Ready to try AutoTerra Pro?','text','2026-05-31 12:36:31','2026-05-31 12:36:31');
INSERT INTO page_contents VALUES(124,'pro','cta.description','Buy online or request a 30-day trial — our team will get back to you within one business day.','text','2026-05-31 12:36:31','2026-05-31 12:36:31');
INSERT INTO page_contents VALUES(125,'pro','cta.button_primary_text','Buy Now','text','2026-05-31 12:36:31','2026-05-31 12:36:31');
INSERT INTO page_contents VALUES(126,'pro','cta.button_secondary_text','Book a demo','text','2026-05-31 12:36:31','2026-05-31 12:36:31');
INSERT INTO page_contents VALUES(127,'pro_spatial','hero.badge_primary','Most Popular','text','2026-05-31 12:36:31','2026-05-31 12:36:31');
INSERT INTO page_contents VALUES(128,'pro_spatial','hero.badge_secondary','Full Suite','text','2026-05-31 12:36:31','2026-05-31 12:36:31');
INSERT INTO page_contents VALUES(129,'pro_spatial','hero.heading','AutoTerra Pro Spatial','text','2026-05-31 12:36:31','2026-05-31 12:36:31');
INSERT INTO page_contents VALUES(130,'pro_spatial','hero.description','The complete platform for survey-grade LiDAR processing, advanced terrain modeling, and spatial analysis. From raw point cloud to submission-ready deliverable.','text','2026-05-31 12:36:31','2026-05-31 12:36:31');
INSERT INTO page_contents VALUES(131,'pro_spatial','hero.button_primary_text','Start Free Trial','text','2026-05-31 12:36:31','2026-05-31 12:36:31');
INSERT INTO page_contents VALUES(132,'pro_spatial','hero.button_secondary_text','Request Demo','text','2026-05-31 12:36:31','2026-05-31 12:36:31');
INSERT INTO page_contents VALUES(133,'pro_spatial','hero.button_tertiary_text','Compare editions','text','2026-05-31 12:36:31','2026-05-31 12:36:31');
INSERT INTO page_contents VALUES(134,'pro_spatial','stats','[{"number":"50+","label":"LiDAR file formats"},{"number":"1 B+","label":"points processed per session"},{"number":"10","label":"integrated modules"},{"number":"20+","label":"countries deployed"},{"number":"GPU","label":"accelerated classification"}]','json','2026-05-31 12:36:31','2026-05-31 12:36:31');
INSERT INTO page_contents VALUES(135,'pro_spatial','modules','[{"eyebrow":"Point Cloud Processing","heading":"Handle any LiDAR dataset \u2014 at any scale","description":"AutoTerra Pro Spatial ingests raw point cloud data from airborne, mobile, terrestrial, and drone-borne sensors.","chips":["LAS \/ LAZ 1.0-1.4","E57","PLY \/ XYZ \/ PTS","FLS \/ FWS","RCP \/ RCS","COPC streaming"]},{"eyebrow":"AI-Powered Classification","heading":"Deep learning classification \u2014 trained on 50M+ labeled points","description":"The built-in classification engine uses convolutional neural networks pre-trained on a global labeled dataset.","chips":["Ground \/ Low veg.","Buildings","High vegetation","Powerlines","Vehicles","Bridge decks","Water surface","Custom classes"]},{"eyebrow":"Terrain & DTM Generation","heading":"Survey-grade terrain models from classified cloud to raster","description":"Derive bare-earth DTMs, surface models (DSM), and normalized height models (nDHM) from classified point cloud data.","chips":["DTM \/ DSM \/ nDHM","TIN interpolation","Break-line enforcement","Contour generation","Slope \/ Aspect","Flood modeling","GeoTIFF export"]},{"eyebrow":"Survey & CAD Integration","heading":"From 3D point cloud to submission-ready CAD drawings","description":"Pro Spatial bridges the gap between raw spatial data and engineering deliverables.","chips":["DXF \/ DWG read & write","Cross-sections","Long-profiles","Control points","Stake-out","Field data import"]},{"eyebrow":"Corridors & Road Survey","heading":"Road asset inventory and alignment design from LiDAR","description":"The corridor module automates road asset extraction from mobile or airborne LiDAR.","chips":["Asset inventory","Lane marking detection","Sign recognition","Pavement analysis","Alignment design","IRI calculation"]},{"eyebrow":"Coming Soon","heading":"UAV Photogrammetry \u2014 from raw images to survey-grade point cloud","description":"The UAV Photogrammetry add-on brings drone imagery processing directly into your AutoTerra workflow.","chips":["Dense matching","Bundle adjustment","Orthoimage export","GCP integration","DSM generation","Accuracy reporting"]}]','json','2026-05-31 12:36:31','2026-05-31 12:36:31');
INSERT INTO page_contents VALUES(136,'pro_spatial','specs.heading','Technical specifications','text','2026-05-31 12:36:31','2026-05-31 12:36:31');
INSERT INTO page_contents VALUES(137,'pro_spatial','specs.description','Full capabilities of AutoTerra Pro Spatial.','text','2026-05-31 12:36:31','2026-05-31 12:36:31');
INSERT INTO page_contents VALUES(138,'pro_spatial','sysreq.heading','System requirements','text','2026-05-31 12:36:31','2026-05-31 12:36:31');
INSERT INTO page_contents VALUES(139,'pro_spatial','sysreq.minimum','{"os":"Windows 10 (64-bit, v21H2+)","cpu":"Intel Core i7 \/ AMD Ryzen 7 (8 cores)","ram":"16 GB","gpu":"NVIDIA GTX 1060 (6 GB VRAM)","storage":"SSD, 50 GB free","display":"1920x1080, OpenGL 4.5"}','json','2026-05-31 12:36:31','2026-05-31 12:36:31');
INSERT INTO page_contents VALUES(140,'pro_spatial','sysreq.recommended','{"os":"Windows 11 (64-bit)","cpu":"Intel Core i9 \/ AMD Ryzen 9 (12+ cores)","ram":"64 GB","gpu":"NVIDIA RTX 3080 \/ RTX 4070 (12 GB VRAM)","storage":"NVMe SSD, 500 GB+ free","display":"2560x1440, dual-monitor setup"}','json','2026-05-31 12:36:31','2026-05-31 12:36:31');
INSERT INTO page_contents VALUES(141,'pro_spatial','upgrades.heading','Choose your starting point','text','2026-05-31 12:36:31','2026-05-31 12:36:31');
INSERT INTO page_contents VALUES(142,'pro_spatial','upgrades.description','All editions include the 3D viewer and basic annotation. Upgrade at any time.','text','2026-05-31 12:36:31','2026-05-31 12:36:31');
INSERT INTO page_contents VALUES(143,'pro_spatial','cta.heading','Ready to see Pro Spatial in action?','text','2026-05-31 12:36:31','2026-05-31 12:36:31');
INSERT INTO page_contents VALUES(144,'pro_spatial','cta.description','Our solution engineers will walk you through a workflow tailored to your project.','text','2026-05-31 12:36:31','2026-05-31 12:36:31');
INSERT INTO page_contents VALUES(145,'pro_spatial','cta.button_primary_text','Request a demo','text','2026-05-31 12:36:31','2026-05-31 12:36:31');
INSERT INTO page_contents VALUES(146,'pro_spatial','cta.button_secondary_text','Start free trial','text','2026-05-31 12:36:31','2026-05-31 12:36:31');
INSERT INTO page_contents VALUES(147,'solutions','hero.heading','AutoTerra for every spatial workflow','text','2026-05-31 12:36:31','2026-05-31 12:36:31');
INSERT INTO page_contents VALUES(148,'solutions','hero.description','From drone-collected LiDAR to submission-ready CAD — AutoTerra adapts to the way your industry works.','text','2026-05-31 12:36:31','2026-05-31 12:36:31');
INSERT INTO page_contents VALUES(149,'solutions','verticals','[{"id":"survey","label":"Survey & Mapping","heading":"Precision survey \u2014 from total station to topographic deliverable","description":"AutoTerra has been the surveyor''s tool of choice across Asia, Africa, and the Middle East for over two decades."},{"id":"roads","label":"Roads & Highway","heading":"LiDAR-driven road surveys and corridor design"},{"id":"lidar","label":"LiDAR Aerial Mapping","heading":"From raw airborne or drone LiDAR to publication-ready terrain"},{"id":"mining","label":"Mining","heading":"Stockpile volumes, strata mapping, and pit survey"},{"id":"govt","label":"Government & Infrastructure","heading":"National mapping, flood modeling, and utility corridor surveys"},{"id":"uav","label":"UAV & Drone Mapping","heading":"From drone to deliverable \u2014 in a single workspace"}]','json','2026-05-31 12:36:31','2026-05-31 12:36:31');
INSERT INTO page_contents VALUES(150,'solutions','cta.heading','Find the right edition for your workflow','text','2026-05-31 12:36:31','2026-05-31 12:36:31');
INSERT INTO page_contents VALUES(151,'solutions','cta.description','All solutions run on the same AutoTerra platform — compare editions or talk to our team.','text','2026-05-31 12:36:31','2026-05-31 12:36:31');
INSERT INTO page_contents VALUES(152,'solutions','cta.button_primary_text','Compare editions','text','2026-05-31 12:36:31','2026-05-31 12:36:31');
INSERT INTO page_contents VALUES(153,'solutions','cta.button_secondary_text','Request a demo','text','2026-05-31 12:36:31','2026-05-31 12:36:31');
INSERT INTO page_contents VALUES(154,'resources','hero.eyebrow','Resources','text','2026-05-31 12:36:31','2026-05-31 12:36:31');
INSERT INTO page_contents VALUES(155,'resources','hero.heading','Everything you need to get the most from AutoTerra','text','2026-05-31 12:36:31','2026-05-31 12:36:31');
INSERT INTO page_contents VALUES(156,'resources','hero.description','User guides, API documentation, video tutorials, sample datasets, release notes, and recorded webinars — all in one place.','text','2026-05-31 12:36:31','2026-05-31 12:36:31');
INSERT INTO page_contents VALUES(157,'resources','auth_gate.heading','Sign in to access resources','text','2026-05-31 12:36:31','2026-05-31 12:36:31');
INSERT INTO page_contents VALUES(158,'resources','auth_gate.description','Documentation, video tutorials, sample datasets, and release notes are available to registered AutoTerra users.','text','2026-05-31 12:36:31','2026-05-31 12:36:31');
INSERT INTO page_contents VALUES(159,'resources','auth_gate.button_signin','Sign in','text','2026-05-31 12:36:31','2026-05-31 12:36:31');
INSERT INTO page_contents VALUES(160,'resources','auth_gate.button_signup','Create a free account','text','2026-05-31 12:36:31','2026-05-31 12:36:31');
INSERT INTO page_contents VALUES(161,'blog','hero.eyebrow','Blog','text','2026-05-31 12:36:31','2026-05-31 12:36:31');
INSERT INTO page_contents VALUES(162,'blog','hero.heading','Insights from the AutoTerra team','text','2026-05-31 12:36:31','2026-05-31 12:36:31');
INSERT INTO page_contents VALUES(163,'blog','hero.description','Technical articles, case studies, and product updates from the engineers behind AutoTerra.','text','2026-05-31 12:36:31','2026-05-31 12:36:31');
INSERT INTO page_contents VALUES(164,'login','tagline','Your spatial data, fully in control','text','2026-05-31 12:36:31','2026-05-31 12:36:31');
INSERT INTO page_contents VALUES(165,'login','tagline_sub','Sign in to access your projects, licences, downloads, and support tickets — all in one place.','text','2026-05-31 12:36:31','2026-05-31 12:36:31');
INSERT INTO page_contents VALUES(166,'login','features','["Download the latest software release","Manage floating and node-locked licences","Access project files and saved workspaces","Raise and track support requests","Full documentation and video tutorials"]','json','2026-05-31 12:36:31','2026-05-31 12:36:31');
INSERT INTO page_contents VALUES(167,'signup','tagline','Start your free 30-day trial today','text','2026-05-31 12:36:31','2026-05-31 12:36:31');
INSERT INTO page_contents VALUES(168,'signup','tagline_sub','No credit card required. Full access to AutoTerra Standard features to evaluate the platform.','text','2026-05-31 12:36:31','2026-05-31 12:36:31');
INSERT INTO page_contents VALUES(169,'signup','perks','["Full Standard-tier access for 30 days \u2014 no limitations on project count","Access to all documentation, tutorials, and sample datasets","No credit card or payment details required to start","Onboarding call with our support team included","Convert to a paid subscription at any time \u2014 keep all your work"]','json','2026-05-31 12:36:31','2026-05-31 12:36:31');
INSERT INTO page_contents VALUES(190,'global','htl','<p>Hello man</p><h2>Heading</h2>','richtext','2026-05-31 19:50:26','2026-05-31 20:10:18');
INSERT INTO page_contents VALUES(191,'cms:about-us','hero.heading','About AutoTerra','text','2026-05-31 20:16:29','2026-05-31 20:16:29');
INSERT INTO page_contents VALUES(192,'cms:about-us','hero.description','Professional LiDAR, survey, and terrain software by Infyterra Technologies. 25+ years of engineering software, trusted in 20+ countries since 1998.','text','2026-05-31 20:16:29','2026-05-31 20:16:29');
INSERT INTO page_contents VALUES(193,'cms:about-us','section.eyebrow','Our Story','text','2026-05-31 20:16:29','2026-05-31 20:16:29');
INSERT INTO page_contents VALUES(194,'cms:about-us','section.heading','Engineering software built by engineers','text','2026-05-31 20:16:29','2026-05-31 20:16:29');
INSERT INTO page_contents VALUES(195,'cms:about-us','section.description','Infyterra Technologies was founded by engineers who had experienced the pain of slow, expensive, and inflexible spatial software.','text','2026-05-31 20:16:29','2026-05-31 20:16:29');
INSERT INTO page_contents VALUES(196,'cms:about-us','stats','[{"number":"25+","label":"years"},{"number":"20+","label":"countries"},{"number":"1,000+","label":"firms"},{"number":"7","label":"editions"}]','json','2026-05-31 20:16:29','2026-05-31 20:16:29');
INSERT INTO page_contents VALUES(197,'cms:about-us','features','[{"title":"Engineering accuracy","description":"Reviewed by practising engineers."},{"title":"Built for the field","description":"Designed around real workflows."},{"title":"Global reach","description":"20+ countries with localised support."}]','json','2026-05-31 20:16:29','2026-05-31 20:16:29');
INSERT INTO page_contents VALUES(198,'cms:about-us','cta.heading','Ready to see AutoTerra in action?','text','2026-05-31 20:16:29','2026-05-31 20:16:29');
INSERT INTO page_contents VALUES(199,'cms:about-us','cta.button_primary_text','Request a demo','text','2026-05-31 20:16:29','2026-05-31 20:16:29');
INSERT INTO page_contents VALUES(200,'cms:about-us','cta.button_primary_url','/contact','text','2026-05-31 20:16:29','2026-05-31 20:16:29');
INSERT INTO page_contents VALUES(201,'cms:pricing-dynamic','hero.heading','The right edition for every team','text','2026-05-31 20:16:29','2026-05-31 20:16:29');
INSERT INTO page_contents VALUES(202,'cms:pricing-dynamic','hero.description','Professional-grade LiDAR and survey tools accessible to every engineering team.','text','2026-05-31 20:16:29','2026-05-31 20:16:29');
INSERT INTO page_contents VALUES(203,'cms:pricing-dynamic','faq','[{"question":"Why arent prices shown?","answer":"We sell in 20+ countries with purchasing power parity."},{"question":"Is there a free trial?","answer":"Yes \u2014 30-day trial of Pro Spatial."},{"question":"Can I upgrade later?","answer":"Absolutely. Pay only the difference."}]','json','2026-05-31 20:16:29','2026-05-31 20:16:29');
INSERT INTO page_contents VALUES(204,'cms:pricing-dynamic','cta.heading','Need help choosing?','text','2026-05-31 20:16:29','2026-05-31 20:16:29');
INSERT INTO page_contents VALUES(205,'cms:pricing-dynamic','cta.button_primary_text','Talk to sales','text','2026-05-31 20:16:29','2026-05-31 20:16:29');
INSERT INTO page_contents VALUES(206,'cms:pricing-dynamic','cta.button_primary_url','/contact','text','2026-05-31 20:16:29','2026-05-31 20:16:29');
INSERT INTO page_contents VALUES(232,'cms:testing-page','htl','<p>Hello man</p><h2>Heading</h2>','richtext','2026-06-01 06:26:29','2026-06-01 06:26:29');
INSERT INTO page_contents VALUES(233,'cms:testing-page','sec-html',unistr('<div class="feat-grid">\u000a      <div>\u000a        <div class="sec-eye">Platform capabilities</div>\u000a        <h2 class="sec-h2">One licence. One interface.<br>Zero software-switching.</h2>\u000a        <p style="font-size:14px;color:#5A7A96;line-height:1.7;margin-bottom:28px;">\u000a          From classifying a billion-point cloud to generating finished CAD plans and\u000a          engineering reports — inside a single session, without exporting to another application.\u000a        </p>\u000a        <div class="feat-list">\u000a          <div class="feat-item">\u000a            <div class="feat-icon blue"><i class="ti ti-3d-cube-sphere" style="font-size:20px;"></i></div>\u000a            <div>\u000a              <h4>LiDAR point cloud processing</h4>\u000a              <p>GPU-accelerated classification, object detection, vegetation analysis — interactive in full 3D at any dataset size.</p>\u000a            </div>\u000a          </div>\u000a          <div class="feat-item">\u000a            <div class="feat-icon blue"><i class="ti ti-mountain" style="font-size:20px;"></i></div>\u000a            <div>\u000a              <h4>Surface &amp; terrain modelling</h4>\u000a              <p>TIN surfaces, contours, slope analysis, volumes and cross-sections — from raw survey or classified point cloud.</p>\u000a            </div>\u000a          </div>\u000a          <div class="feat-item">\u000a            <div class="feat-icon blue"><i class="ti ti-vector-triangle" style="font-size:20px;"></i></div>\u000a            <div>\u000a              <h4>GIS-native CAD environment</h4>\u000a              <p>Full CAD drafting with live GIS layers, online maps and survey data coexisting in the same project workspace.</p>\u000a            </div>\u000a          </div>\u000a        </div>\u000a        <a href="pro-spatial.html" style="display:inline-flex;align-items:center;gap:6px;color:#00A8F8;font-size:14px;font-weight:700;margin-top:24px;">\u000a          Explore all modules <i class="ti ti-arrow-right" style="font-size:14px;"></i>\u000a        </a>\u000a      </div>\u000a\u000a      <!-- DEVELOPER: Replace with AutoTerra Pro Spatial screenshot -->\u000a      <div class="ph" style="height:360px;">\u000a        <i class="ti ti-screenshot"></i>\u000a        <span class="ph-t">AutoTerra Pro Spatial — point cloud classification view</span>\u000a        <span class="ph-d">Software screenshot · 800×500px</span>\u000a        <span class="ph-d">Dark UI showing GPU-rendered coloured point cloud in 3D viewport</span>\u000a      </div>\u000a    </div>'),'html_section:section-light','2026-06-01 06:26:29','2026-06-01 06:26:29');
INSERT INTO page_contents VALUES(234,'cms:/test/testing-page','htl','<p>Hello man</p><h2>Heading</h2>','richtext','2026-06-01 06:56:51','2026-06-01 06:56:51');
INSERT INTO page_contents VALUES(235,'cms:/test/testing-page','sec-html',unistr('<div class="feat-grid">\u000a      <div>\u000a        <div class="sec-eye">Platform capabilities</div>\u000a        <h2 class="sec-h2">One licence. One interface.<br>Zero software-switching.</h2>\u000a        <p style="font-size:14px;color:#5A7A96;line-height:1.7;margin-bottom:28px;">\u000a          From classifying a billion-point cloud to generating finished CAD plans and\u000a          engineering reports — inside a single session, without exporting to another application.\u000a        </p>\u000a        <div class="feat-list">\u000a          <div class="feat-item">\u000a            <div class="feat-icon blue"><i class="ti ti-3d-cube-sphere" style="font-size:20px;"></i></div>\u000a            <div>\u000a              <h4>LiDAR point cloud processing</h4>\u000a              <p>GPU-accelerated classification, object detection, vegetation analysis — interactive in full 3D at any dataset size.</p>\u000a            </div>\u000a          </div>\u000a          <div class="feat-item">\u000a            <div class="feat-icon blue"><i class="ti ti-mountain" style="font-size:20px;"></i></div>\u000a            <div>\u000a              <h4>Surface &amp; terrain modelling</h4>\u000a              <p>TIN surfaces, contours, slope analysis, volumes and cross-sections — from raw survey or classified point cloud.</p>\u000a            </div>\u000a          </div>\u000a          <div class="feat-item">\u000a            <div class="feat-icon blue"><i class="ti ti-vector-triangle" style="font-size:20px;"></i></div>\u000a            <div>\u000a              <h4>GIS-native CAD environment</h4>\u000a              <p>Full CAD drafting with live GIS layers, online maps and survey data coexisting in the same project workspace.</p>\u000a            </div>\u000a          </div>\u000a        </div>\u000a        <a href="pro-spatial.html" style="display:inline-flex;align-items:center;gap:6px;color:#00A8F8;font-size:14px;font-weight:700;margin-top:24px;">\u000a          Explore all modules <i class="ti ti-arrow-right" style="font-size:14px;"></i>\u000a        </a>\u000a      </div>\u000a\u000a      <!-- DEVELOPER: Replace with AutoTerra Pro Spatial screenshot -->\u000a      <div class="ph" style="height:360px;">\u000a        <i class="ti ti-screenshot"></i>\u000a        <span class="ph-t">AutoTerra Pro Spatial — point cloud classification view</span>\u000a        <span class="ph-d">Software screenshot · 800×500px</span>\u000a        <span class="ph-d">Dark UI showing GPU-rendered coloured point cloud in 3D viewport</span>\u000a      </div>\u000a    </div>'),'html_section:section-light','2026-06-01 06:56:51','2026-06-01 06:56:51');
INSERT INTO page_contents VALUES(236,'cms:test/testing-page','htl','<p>Hello man</p><h2>Heading</h2>','richtext','2026-06-01 06:57:03','2026-06-01 06:57:03');
INSERT INTO page_contents VALUES(237,'cms:test/testing-page','sec-html',unistr('<div class="feat-grid">\u000a      <div>\u000a        <div class="sec-eye">Platform capabilities</div>\u000a        <h2 class="sec-h2">One licence. One interface.<br>Zero software-switching.</h2>\u000a        <p style="font-size:14px;color:#5A7A96;line-height:1.7;margin-bottom:28px;">\u000a          From classifying a billion-point cloud to generating finished CAD plans and\u000a          engineering reports — inside a single session, without exporting to another application.\u000a        </p>\u000a        <div class="feat-list">\u000a          <div class="feat-item">\u000a            <div class="feat-icon blue"><i class="ti ti-3d-cube-sphere" style="font-size:20px;"></i></div>\u000a            <div>\u000a              <h4>LiDAR point cloud processing</h4>\u000a              <p>GPU-accelerated classification, object detection, vegetation analysis — interactive in full 3D at any dataset size.</p>\u000a            </div>\u000a          </div>\u000a          <div class="feat-item">\u000a            <div class="feat-icon blue"><i class="ti ti-mountain" style="font-size:20px;"></i></div>\u000a            <div>\u000a              <h4>Surface &amp; terrain modelling</h4>\u000a              <p>TIN surfaces, contours, slope analysis, volumes and cross-sections — from raw survey or classified point cloud.</p>\u000a            </div>\u000a          </div>\u000a          <div class="feat-item">\u000a            <div class="feat-icon blue"><i class="ti ti-vector-triangle" style="font-size:20px;"></i></div>\u000a            <div>\u000a              <h4>GIS-native CAD environment</h4>\u000a              <p>Full CAD drafting with live GIS layers, online maps and survey data coexisting in the same project workspace.</p>\u000a            </div>\u000a          </div>\u000a        </div>\u000a        <a href="pro-spatial.html" style="display:inline-flex;align-items:center;gap:6px;color:#00A8F8;font-size:14px;font-weight:700;margin-top:24px;">\u000a          Explore all modules <i class="ti ti-arrow-right" style="font-size:14px;"></i>\u000a        </a>\u000a      </div>\u000a\u000a      <!-- DEVELOPER: Replace with AutoTerra Pro Spatial screenshot -->\u000a      <div class="ph" style="height:360px;">\u000a        <i class="ti ti-screenshot"></i>\u000a        <span class="ph-t">AutoTerra Pro Spatial — point cloud classification view</span>\u000a        <span class="ph-d">Software screenshot · 800×500px</span>\u000a        <span class="ph-d">Dark UI showing GPU-rendered coloured point cloud in 3D viewport</span>\u000a      </div>\u000a    </div>'),'html_section:section-light','2026-06-01 06:57:03','2026-06-01 06:57:03');
INSERT INTO page_contents VALUES(238,'home','feature1.link_url','#','text','2026-06-01 10:13:49','2026-06-01 10:13:49');
INSERT INTO page_contents VALUES(239,'home','feature1.image_url','http://localhost:8000/storage/media/01KT0Z1GEB4AB6WRY8FHW79BH3.jpeg','text','2026-06-01 10:17:46','2026-06-01 11:02:43');
INSERT INTO page_contents VALUES(240,'home','feature2.image_url','http://localhost:8000/storage/media/01KT0Z1GEB4AB6WRY8FHW79BH3.jpeg','text','2026-06-01 11:01:25','2026-06-01 11:01:25');
INSERT INTO page_contents VALUES(241,'home','slider.howitworks','[{"url":"http://localhost:8000/storage/media/01KT0Z1GEB4AB6WRY8FHW79BH3.jpeg" ,"title":"Point cloud classification","description":""},{"url":"http://localhost:8000/storage/media/01KT0Z1GEB4AB6WRY8FHW79BH3.jpeg" ,"title":"Terrain & contours","description":""},{"url":"http://localhost:8000/storage/media/01KT0Z1GEB4AB6WRY8FHW79BH3.jpeg","title":"CAD & GIS drafting","description":""},{"url":"http://localhost:8000/storage/media/01KT0Z1GEB4AB6WRY8FHW79BH3.jpeg","title":"Section & volume report","description":""}]','json','2026-06-01 11:12:42','2026-06-01 12:17:30');
INSERT INTO page_contents VALUES(242,'home','slider.howitworks.checkeye','In action','text','2026-06-01 11:26:46','2026-06-01 11:26:46');
INSERT INTO page_contents VALUES(243,'home','slider.howitworks.heading','See AutoTerra at work','text','2026-06-01 11:27:41','2026-06-01 11:27:41');
INSERT INTO page_contents VALUES(244,'home','slider.howitworks.summary','Tap through the platform modules','text','2026-06-01 11:29:43','2026-06-01 11:29:43');
INSERT INTO page_contents VALUES(245,'home','slider.howitworks.sliderlabel','Point cloud classification','text','2026-06-01 11:32:26','2026-06-01 11:32:26');
INSERT INTO page_contents VALUES(246,'home','products.items',unistr('[{\u000a"label":"Survey / CAD / Terrain",\u000a"label_color":"",\u000a"badge_class":"",\u000a"badge":"Viewer",\u000a"title":"AutoTerra Viewer",\u000a"summary":"View, annotate and share",\u000a"link_text":"learn more",\u000a"link_url":"#"\u000a},\u000a{\u000a"label":"Survey / CAD / Terrain",\u000a"label_color":"",\u000a"badge_class":"",\u000a"badge":"Entry",\u000a"title":"AutoTerra LT",\u000a"summary":"Survey + full CAD toolkit",\u000a"link_text":"learn more",\u000a"link_url":"#"\u000a},\u000a{\u000a"label":"Survey / CAD / Terrain",\u000a"label_color":"",\u000a"badge_class":"",\u000a"badge":"Standard",\u000a"title":"AutoTerra",\u000a"summary":"3D surfaces & contours",\u000a"link_text":"learn more",\u000a"link_url":"#"\u000a},\u000a{\u000a"label":"Survey / CAD / Terrain",\u000a"label_color":"",\u000a"badge_class":"",\u000a"badge":"Pro",\u000a"title":"AutoTerra Pro",\u000a"summary":"Volumes, sections & corridor",\u000a"link_text":"learn more",\u000a"link_url":"#"\u000a},\u000a{\u000a"label":"LiDAR / Point Cloud",\u000a"label_color":"0B6A48",\u000a"badge_class":"pb-lidar",\u000a"badge":"Spatial",\u000a"title":"AutoTerra Spatial",\u000a"summary":"Standard + LiDAR processing",\u000a"link_text":"learn more",\u000a"link_url":"#"\u000a},\u000a{\u000a"label":"LiDAR / Point Cloud",\u000a"label_color":"0B6A48",\u000a"badge_class":"pb-hot",\u000a"badge":"Most popular",\u000a"title":"AutoTerra Pro Spatial",\u000a"summary":"Advanced LiDAR & full detection",\u000a"link_text":"learn more",\u000a"link_url":"#"\u000a},\u000a{\u000a"label":"Highway Design",\u000a"label_color":"9A5F10",\u000a"badge_class":"pb-soon",\u000a"badge":"Coming soon",\u000a"title":"AutoRoads",\u000a"summary":"Next-gen highway design",\u000a"link_text":"Join waitlist",\u000a"link_url":"#"\u000a},\u000a{\u000a"label":"",\u000a"label_color":"5A7A96",\u000a"badge_class":"",\u000a"badge":"",\u000a"title":"Compare all editions",\u000a"summary":"",\u000a"link_text":"View comparison table",\u000a"link_url":"#"\u000a}\u000a]'),'json','2026-06-01 13:24:27','2026-06-02 09:09:42');
INSERT INTO page_contents VALUES(247,'home','testimonial.subhead','Client stories','text','2026-06-02 09:35:19','2026-06-02 09:35:19');
INSERT INTO page_contents VALUES(248,'home','testimonial.heading','Trusted by infrastructure teams worldwide','text','2026-06-02 09:36:23','2026-06-02 09:36:23');
INSERT INTO page_contents VALUES(249,'home','testimonial.clients_logo','["http://localhost:8000/storage/media/01KT3TPSG5WMH6T60CKXVRKREG.png", "http://localhost:8000/storage/media/01KT3TPSG5WMH6T60CKXVRKREG.png", "http://localhost:8000/storage/media/01KT3TPSG5WMH6T60CKXVRKREG.png", "http://localhost:8000/storage/media/01KT3TPSG5WMH6T60CKXVRKREG.png", "http://localhost:8000/storage/media/01KT3TPSG5WMH6T60CKXVRKREG.png", "http://localhost:8000/storage/media/01KT3TPSG5WMH6T60CKXVRKREG.png"]','json','2026-06-02 09:39:11','2026-06-02 10:01:20');
INSERT INTO page_contents VALUES(250,'global','footer.resources','[{"url_text":"Documentation", "url_link":"#"},  {"url_text":"Video tutorials", "url_link":"#"}, {"url_text":"Webinars", "url_link":"#"}]','json','2026-06-02 11:29:46','2026-06-02 11:50:39');
INSERT INTO page_contents VALUES(251,'global','footer.company','[{"url_text":"About Infyterra", "url_link":"#"},  {"url_text":"Contact us", "url_link":"#"}, {"url_text":"Pricing", "url_link":"#"}]','json','2026-06-02 11:33:41','2026-06-02 11:49:44');
INSERT INTO page_contents VALUES(252,'global','footer.legal','[{"url_text":"Privacy Policy", "url_link":"#"},  {"url_text":"Terms of Use", "url_link":"#"}, {"url_text":"EULA", "url_link":"#"},{"url_text":"Cookie Policy", "url_link":"#"}]','json','2026-06-02 11:58:19','2026-06-02 11:58:19');
CREATE TABLE IF NOT EXISTS "media" ("id" integer primary key autoincrement not null, "name" varchar not null, "file_name" varchar not null, "mime_type" varchar not null, "size" integer not null, "disk" varchar not null default 'public', "path" varchar not null, "alt" varchar, "title" varchar, "caption" text, "description" text, "folder" varchar not null default '/', "created_at" datetime, "updated_at" datetime);
INSERT INTO media VALUES(1,'shrugs','01KT0Z1GEB4AB6WRY8FHW79BH3.jpeg','image/jpeg',77410,'public','media/01KT0Z1GEB4AB6WRY8FHW79BH3.jpeg','shrugs','shrugs','shrugs',NULL,'/','2026-06-01 06:48:19','2026-06-01 06:48:19');
INSERT INTO media VALUES(4,'person','01KT3TPSG5WMH6T60CKXVRKREG.png','image/png',12849,'public','media/01KT3TPSG5WMH6T60CKXVRKREG.png','person img','placeholder',NULL,NULL,'/','2026-06-02 09:30:17','2026-06-02 09:30:17');
INSERT INTO sqlite_sequence VALUES('migrations',19);
INSERT INTO sqlite_sequence VALUES('users',2);
INSERT INTO sqlite_sequence VALUES('products',8);
INSERT INTO sqlite_sequence VALUES('product_prices',38);
INSERT INTO sqlite_sequence VALUES('orders',6);
INSERT INTO sqlite_sequence VALUES('license_keys',3);
INSERT INTO sqlite_sequence VALUES('subscriptions',5);
INSERT INTO sqlite_sequence VALUES('settings',22);
INSERT INTO sqlite_sequence VALUES('pages',7);
INSERT INTO sqlite_sequence VALUES('posts',3);
INSERT INTO sqlite_sequence VALUES('forms',2);
INSERT INTO sqlite_sequence VALUES('form_fields',9);
INSERT INTO sqlite_sequence VALUES('page_contents',252);
INSERT INTO sqlite_sequence VALUES('media',4);
CREATE UNIQUE INDEX "users_email_unique" on "users" ("email");
CREATE INDEX "sessions_user_id_index" on "sessions" ("user_id");
CREATE INDEX "sessions_last_activity_index" on "sessions" ("last_activity");
CREATE INDEX "cache_expiration_index" on "cache" ("expiration");
CREATE INDEX "cache_locks_expiration_index" on "cache_locks" ("expiration");
CREATE INDEX "jobs_queue_index" on "jobs" ("queue");
CREATE INDEX "failed_jobs_connection_queue_failed_at_index" on "failed_jobs" ("connection", "queue", "failed_at");
CREATE UNIQUE INDEX "failed_jobs_uuid_unique" on "failed_jobs" ("uuid");
CREATE UNIQUE INDEX "products_slug_unique" on "products" ("slug");
CREATE UNIQUE INDEX "product_prices_product_id_term_unique" on "product_prices" ("product_id", "term");
CREATE INDEX "orders_razorpay_order_id_index" on "orders" ("razorpay_order_id");
CREATE INDEX "orders_status_index" on "orders" ("status");
CREATE INDEX "subscriptions_razorpay_subscription_id_index" on "subscriptions" ("razorpay_subscription_id");
CREATE INDEX "subscriptions_status_index" on "subscriptions" ("status");
CREATE INDEX "license_keys_license_key_index" on "license_keys" ("license_key");
CREATE UNIQUE INDEX "license_keys_license_key_unique" on "license_keys" ("license_key");
CREATE INDEX "quote_requests_status_index" on "quote_requests" ("status");
CREATE UNIQUE INDEX "settings_key_unique" on "settings" ("key");
CREATE UNIQUE INDEX "pages_slug_unique" on "pages" ("slug");
CREATE UNIQUE INDEX "posts_slug_unique" on "posts" ("slug");
CREATE UNIQUE INDEX "forms_slug_unique" on "forms" ("slug");
CREATE UNIQUE INDEX "page_contents_page_key_unique" on "page_contents" ("page", "key");
CREATE INDEX "page_contents_page_index" on "page_contents" ("page");
CREATE INDEX "media_folder_index" on "media" ("folder");
CREATE INDEX "media_mime_type_index" on "media" ("mime_type");
COMMIT;
